Age_at_enrollment,Gender,Marital_status,Displaced,International,Application_mode,Application_order,Previous_qualification,Previous_qualification_grade,Admission_grade,Course,Daytime_evening_attendance,Debtor,Tuition_fees_up_to_date,Scholarship_holder,Educational_special_needs,Curricular_units_1st_sem_enrolled,Curricular_units_1st_sem_approved,Curricular_units_1st_sem_grade,Curricular_units_1st_sem_evaluations,Curricular_units_1st_sem_without_evaluations,Curricular_units_2nd_sem_enrolled,Curricular_units_2nd_sem_approved,Curricular_units_2nd_sem_grade,Curricular_units_2nd_sem_evaluations,Curricular_units_2nd_sem_without_evaluations,Unemployment_rate,Inflation_rate,GDP,Approval_rate_1st_sem,Approval_rate_2nd_sem,Total_approved,Avg_grade
18,0,1,1,0,18,1,1,137.0,137.4,9238,1,0,1,0,0,6,1,12.0,10,0,6,2,11.0,14,0,10.8,1.4,1.74,0.16666666666666666,0.3333333333333333,3,11.5
18,0,1,1,0,1,1,1,140.0,124.6,9853,1,0,1,0,0,7,6,11.666666666666666,7,0,7,6,13.5,8,0,16.2,0.3,-0.92,0.8571428571428571,0.8571428571428571,12,12.583333333333332
20,0,1,1,0,18,4,1,127.0,121.8,9556,1,0,1,0,0,7,7,11.4375,14,0,8,8,11.425,9,0,12.7,3.7,-1.7,1.0,1.0,15,11.43125
18,0,1,1,0,1,1,1,151.0,157.0,9238,1,1,1,1,0,6,5,11.6,8,0,6,4,11.0,12,0,7.6,2.6,0.32,0.8333333333333334,0.6666666666666666,9,11.3
18,0,1,1,0,1,1,1,138.0,131.0,9085,1,0,1,0,0,5,5,12.666666666666666,9,2,5,4,13.0,7,0,9.4,-0.8,-3.12,1.0,0.8,9,12.833333333333332
19,1,1,1,0,17,2,1,127.0,118.8,9500,1,0,1,0,0,7,6,12.933333333333332,9,0,7,6,13.716666666666669,7,0,16.2,0.3,-0.92,0.8571428571428571,0.8571428571428571,12,13.325
21,1,1,0,0,44,1,39,150.0,150.0,9003,1,0,1,0,0,6,5,11.857142857142858,15,0,6,5,10.571428571428571,17,0,16.2,0.3,-0.92,0.8333333333333334,0.8333333333333334,10,11.214285714285715
18,1,1,0,0,1,1,1,143.0,138.8,9147,1,0,0,0,0,5,3,11.333333333333334,9,0,5,2,13.5,8,0,8.9,1.4,3.51,0.6,0.4,5,12.416666666666668
24,0,1,0,0,17,1,1,154.0,134.1,9991,0,0,1,0,0,5,2,11.5,9,0,5,3,14.333333333333334,11,1,7.6,2.6,0.32,0.4,0.6,5,12.916666666666668
19,0,1,1,0,1,1,1,139.0,121.3,9500,1,0,1,1,0,8,6,11.833333333333334,10,0,8,6,11.833333333333334,10,0,9.4,-0.8,-3.12,0.75,0.75,12,11.833333333333334
20,0,1,1,0,1,1,1,127.0,121.8,9773,1,0,1,1,0,6,4,14.0,11,0,6,3,11.0,12,0,9.4,-0.8,-3.12,0.6666666666666666,0.5,7,12.5
18,0,1,1,0,1,3,1,125.0,115.2,171,1,0,1,0,0,0,0,0.0,0,0,0,0,0.0,0,0,7.6,2.6,0.32,0.0,0.0,0,0.0
19,1,1,1,0,17,3,1,133.0,126.0,171,1,0,1,1,0,0,0,0.0,0,0,0,0,0.0,0,0,10.8,1.4,1.74,0.0,0.0,0,0.0
19,1,1,1,0,17,1,1,127.0,130.2,9070,1,0,1,0,0,6,5,11.4,6,0,6,1,10.0,8,0,10.8,1.4,1.74,0.8333333333333334,0.16666666666666666,6,10.7
24,1,1,0,0,43,1,1,116.0,120.9,9070,1,0,1,0,0,6,0,0.0,6,0,6,0,0.0,6,0,12.7,3.7,-1.7,0.0,0.0,0,0.0
26,1,1,0,0,39,1,1,160.0,100.0,9254,1,0,1,0,0,6,6,12.0,7,0,6,5,10.8,8,0,12.7,3.7,-1.7,1.0,0.8333333333333334,11,11.4
18,1,1,0,0,17,1,1,148.0,134.0,9147,1,0,1,0,0,5,0,0.0,9,0,5,0,0.0,5,0,7.6,2.6,0.32,0.0,0.0,0,0.0
18,1,1,0,0,17,1,1,120.0,125.5,9254,1,0,1,0,0,5,5,12.0,6,0,5,3,11.333333333333334,8,0,12.7,3.7,-1.7,1.0,0.6,8,11.666666666666668
23,1,1,1,0,1,6,1,143.0,128.7,9147,1,0,1,0,0,5,4,14.0,6,0,5,5,13.8,5,0,11.1,0.6,2.02,0.8,1.0,9,13.9
18,1,1,1,0,43,2,1,115.0,112.2,9119,1,1,1,0,0,5,2,10.0,9,0,5,0,0.0,9,0,15.5,2.8,-4.06,0.4,0.0,2,5.0
19,1,1,1,1,15,1,1,130.0,137.0,9119,1,0,1,0,0,5,5,14.0,9,0,5,3,13.25,11,0,13.9,-0.3,0.79,1.0,0.6,8,13.625
19,0,1,1,0,1,1,1,135.0,134.3,9085,1,0,1,0,0,5,5,14.2,7,2,5,5,13.8,7,0,12.7,3.7,-1.7,1.0,1.0,10,14.0
20,0,1,1,0,17,2,1,133.1,107.0,9853,1,0,1,0,0,7,6,11.666666666666666,12,0,7,3,13.0,10,0,16.2,0.3,-0.92,0.8571428571428571,0.42857142857142855,9,12.333333333333332
18,0,1,1,0,17,2,1,123.0,115.3,9147,1,0,1,1,0,5,3,13.0,9,0,5,3,11.0,11,0,8.9,1.4,3.51,0.6,0.6,6,12.0
20,0,1,0,0,43,1,1,130.0,100.0,9500,1,0,1,0,0,7,6,11.616666666666667,11,0,7,7,13.0,7,0,13.9,-0.3,0.79,0.8571428571428571,1.0,13,12.308333333333334
20,0,1,1,0,17,1,1,154.0,140.4,9238,1,0,1,1,0,6,2,10.0,13,0,6,4,10.75,12,0,7.6,2.6,0.32,0.3333333333333333,0.6666666666666666,6,10.375
20,0,1,0,0,17,1,1,120.0,113.4,9147,1,0,1,0,0,5,3,10.333333333333334,11,0,5,3,10.666666666666666,10,0,12.4,0.5,1.79,0.6,0.6,6,10.5
18,0,1,1,0,1,1,1,146.0,145.3,9853,1,0,1,1,0,6,5,12.8,8,0,6,5,13.4,7,0,9.4,-0.8,-3.12,0.8333333333333334,0.8333333333333334,10,13.100000000000001
20,0,1,0,0,1,2,1,117.0,112.1,9500,1,0,1,1,0,7,5,13.188,9,0,8,7,12.892857142857142,9,0,11.1,0.6,2.02,0.7142857142857143,0.875,12,13.04042857142857
22,0,1,1,0,51,1,1,99.0,99.7,9147,1,1,0,0,0,5,0,0.0,8,0,5,0,0.0,7,0,8.9,1.4,3.51,0.0,0.0,0,0.0
18,0,1,1,0,1,1,1,136.0,121.7,171,1,0,1,0,0,0,0,0.0,0,0,0,0,0.0,0,0,9.4,-0.8,-3.12,0.0,0.0,0,0.0
18,0,1,1,0,17,1,1,138.0,124.7,9853,1,0,1,0,0,6,3,12.333333333333334,11,0,6,5,10.833333333333334,10,0,9.4,-0.8,-3.12,0.5,0.8333333333333334,8,11.583333333333334
47,0,3,0,0,39,1,1,170.0,170.0,9003,1,1,1,0,0,1,0,0.0,1,0,6,0,0.0,0,0,8.9,1.4,3.51,0.0,0.0,0,0.0
28,0,1,1,0,39,1,1,130.0,130.0,9085,1,0,1,0,0,5,4,11.25,13,1,5,4,10.5,11,0,12.7,3.7,-1.7,0.8,0.8,8,10.875
18,0,1,1,0,1,1,1,131.0,123.0,9670,1,0,1,1,0,5,3,11.666666666666666,6,0,5,4,13.5,6,0,7.6,2.6,0.32,0.6,0.8,7,12.583333333333332
26,0,1,0,0,44,1,39,140.0,140.0,9991,0,0,1,1,0,6,6,12.666666666666666,7,0,6,6,13.166666666666666,7,1,9.4,-0.8,-3.12,1.0,1.0,12,12.916666666666666
21,0,1,0,0,43,1,1,143.0,126.6,9238,1,1,0,0,0,10,8,11.5,18,0,6,4,10.0,12,0,9.4,-0.8,-3.12,0.8,0.6666666666666666,12,10.75
23,0,1,0,0,1,1,1,120.0,122.8,8014,0,0,1,0,0,6,2,10.0,13,0,5,1,10.0,12,0,9.4,-0.8,-3.12,0.3333333333333333,0.2,3,10.0
35,0,1,0,0,39,1,1,120.0,105.9,9500,1,0,1,0,0,3,3,11.816666666666668,4,0,3,3,11.333333333333334,3,0,11.1,0.6,2.02,1.0,1.0,6,11.575000000000001
25,0,1,0,0,39,1,40,130.0,145.0,9556,1,0,1,0,0,7,6,12.125,10,0,8,8,13.3125,9,0,15.5,2.8,-4.06,0.8571428571428571,1.0,14,12.71875
19,0,1,1,0,1,3,1,125.0,119.4,9500,1,0,1,0,0,7,6,12.471428571428572,10,0,7,7,11.4625,8,0,12.4,0.5,1.79,0.8571428571428571,1.0,13,11.966964285714287
24,0,1,1,0,16,1,1,145.0,155.0,171,1,0,1,0,0,17,11,12.909090909090908,19,0,13,9,13.555555555555555,15,0,12.4,0.5,1.79,0.6470588235294118,0.6923076923076923,20,13.232323232323232
19,0,1,1,0,1,3,1,125.0,125.4,9070,1,0,1,0,0,6,5,12.4,7,0,6,5,12.4,6,0,9.4,-0.8,-3.12,0.8333333333333334,0.8333333333333334,10,12.4
18,0,1,1,0,1,1,1,127.0,123.2,9773,1,0,1,0,0,6,1,11.0,12,0,6,0,0.0,12,0,9.4,-0.8,-3.12,0.16666666666666666,0.0,1,5.5
18,0,1,0,0,17,3,1,116.0,110.8,9070,1,0,1,0,0,6,6,11.833333333333334,6,0,6,6,12.5,6,0,7.6,2.6,0.32,1.0,1.0,12,12.166666666666668
18,0,1,0,0,1,1,1,143.0,142.3,9500,1,0,1,1,0,7,7,13.79714285714286,7,0,8,8,13.775,8,0,12.4,0.5,1.79,1.0,1.0,15,13.78607142857143
18,0,1,0,0,17,1,1,123.0,113.9,9070,1,0,1,0,0,6,6,12.5,8,0,6,6,12.333333333333334,6,0,15.5,2.8,-4.06,1.0,1.0,12,12.416666666666668
24,0,1,0,0,44,1,39,140.0,140.0,9003,1,0,1,0,0,6,6,11.428571428571429,10,0,6,5,13.0,12,0,12.4,0.5,1.79,1.0,0.8333333333333334,11,12.214285714285715
19,0,1,1,0,1,1,1,119.0,115.5,9670,1,0,1,0,0,6,4,11.0,8,0,6,4,11.0,9,0,10.8,1.4,1.74,0.6666666666666666,0.6666666666666666,8,11.0
20,0,1,0,0,17,1,1,160.0,147.8,9500,1,0,1,0,0,7,6,11.757142857142856,11,0,8,6,13.083333333333334,12,0,15.5,2.8,-4.06,0.8571428571428571,0.75,12,12.420238095238094
19,0,1,1,0,5,3,1,141.0,128.8,9085,1,0,1,0,0,5,3,10.333333333333334,9,1,5,3,13.0,8,0,7.6,2.6,0.32,0.6,0.6,6,11.666666666666668
18,0,1,1,0,1,1,1,132.0,125.0,9853,1,0,1,0,0,6,5,12.6,9,0,6,5,11.4,8,0,9.4,-0.8,-3.12,0.8333333333333334,0.8333333333333334,10,12.0
18,0,1,1,0,1,1,1,135.0,136.8,9085,1,0,1,0,0,5,5,14.0,11,3,5,5,11.6,7,0,9.4,-0.8,-3.12,1.0,1.0,10,12.8
18,0,1,1,0,1,1,1,123.0,121.6,9853,1,0,1,0,0,7,5,12.0,12,0,7,6,12.666666666666666,9,0,11.1,0.6,2.02,0.7142857142857143,0.8571428571428571,11,12.333333333333332
19,0,1,1,0,1,1,1,129.0,125.9,9085,1,0,1,0,0,5,4,12.0,13,2,5,3,12.0,8,0,9.4,-0.8,-3.12,0.8,0.6,7,12.0
26,0,1,1,0,42,1,1,130.0,130.0,9147,1,0,1,0,0,5,4,13.0,5,0,5,2,12.0,7,0,9.4,-0.8,-3.12,0.8,0.4,6,12.5
36,0,1,0,0,43,1,1,110.0,110.0,9238,1,0,1,0,0,16,13,10.692307692307692,24,1,13,9,12.307692307692308,19,0,15.5,2.8,-4.06,0.8125,0.6923076923076923,22,11.5
20,0,1,0,0,1,2,1,96.0,100.0,8014,0,0,1,0,0,6,5,12.0,10,0,6,4,11.25,9,0,9.4,-0.8,-3.12,0.8333333333333334,0.6666666666666666,9,11.625
30,0,1,0,0,39,1,1,133.1,130.0,9003,1,1,1,1,0,6,0,0.0,6,0,6,0,0.0,6,0,11.1,0.6,2.02,0.0,0.0,0,0.0
20,0,1,1,0,17,4,1,112.0,112.0,9147,1,0,1,0,0,5,3,10.333333333333334,10,0,5,4,11.0,9,2,16.2,0.3,-0.92,0.6,0.8,7,10.666666666666668
19,0,1,1,0,1,4,1,136.0,133.0,9500,1,0,1,0,0,7,5,13.98,8,0,7,5,13.98,8,0,7.6,2.6,0.32,0.7142857142857143,0.7142857142857143,10,13.98
19,0,1,0,0,17,1,1,134.0,131.2,9085,1,0,1,0,0,5,1,11.0,8,0,5,5,11.2,6,0,7.6,2.6,0.32,0.2,1.0,6,11.1
31,0,4,0,0,39,1,1,130.0,148.0,9991,0,0,1,1,0,5,4,11.25,11,0,5,4,10.833333333333334,10,0,13.9,-0.3,0.79,0.8,0.8,8,11.041666666666668
42,0,2,0,0,51,1,19,133.1,104.0,8014,0,1,1,0,0,11,10,11.9,14,0,11,10,12.8,14,0,11.1,0.6,2.02,0.9090909090909091,0.9090909090909091,20,12.350000000000001
18,0,1,1,0,17,1,1,125.0,116.6,9853,1,0,0,1,0,7,7,12.285714285714286,7,0,7,6,13.333333333333334,8,0,8.9,1.4,3.51,1.0,0.8571428571428571,13,12.80952380952381
21,0,1,1,0,44,1,39,140.0,140.0,9085,1,0,1,0,0,6,5,12.666666666666666,16,0,6,2,13.5,15,0,16.2,0.3,-0.92,0.8333333333333334,0.3333333333333333,7,13.083333333333332
20,0,1,0,0,43,1,1,170.0,100.0,9500,1,0,1,0,0,7,6,13.25,8,0,8,8,13.75,8,0,13.9,-0.3,0.79,0.8571428571428571,1.0,14,13.5
19,0,1,0,0,1,1,1,135.0,121.0,9238,1,0,1,0,0,6,3,10.333333333333334,13,0,6,3,10.333333333333334,12,0,7.6,2.6,0.32,0.5,0.5,6,10.333333333333334
22,0,1,1,0,17,1,1,134.0,122.5,9853,1,0,1,0,0,6,5,13.166666666666666,10,0,6,5,12.4,8,0,15.5,2.8,-4.06,0.8333333333333334,0.8333333333333334,10,12.783333333333333
21,0,1,1,0,44,1,39,140.0,140.0,9085,1,0,1,0,0,6,4,12.75,11,0,6,1,11.0,19,0,12.4,0.5,1.79,0.6666666666666666,0.16666666666666666,5,11.875
26,0,1,0,0,39,1,1,150.0,140.0,9500,1,0,1,0,1,7,5,11.2,11,0,8,5,12.14,13,0,16.2,0.3,-0.92,0.7142857142857143,0.625,10,11.67
18,0,1,0,0,17,4,1,125.0,128.9,9070,1,0,1,1,0,6,5,11.6,9,0,6,4,11.2,8,0,8.9,1.4,3.51,0.8333333333333334,0.6666666666666666,9,11.399999999999999
20,0,1,1,0,17,1,1,136.0,121.7,9254,1,0,1,0,0,6,3,10.333333333333334,13,0,6,3,10.333333333333334,12,0,10.8,1.4,1.74,0.5,0.5,6,10.333333333333334
19,0,1,1,0,1,1,1,120.0,114.8,9773,1,0,1,0,1,6,4,12.25,11,0,6,3,11.0,11,0,7.6,2.6,0.32,0.6666666666666666,0.5,7,11.625
19,0,1,0,0,1,1,1,128.0,127.0,9254,1,0,1,0,0,6,6,12.0,6,0,6,4,12.75,7,0,12.4,0.5,1.79,1.0,0.6666666666666666,10,12.375
20,0,1,1,0,17,1,1,116.0,112.2,9147,1,0,1,0,0,5,3,11.333333333333334,8,0,5,2,10.666666666666666,12,0,10.8,1.4,1.74,0.6,0.4,5,11.0
20,0,1,0,0,17,1,1,122.0,118.2,9254,1,0,1,1,0,6,4,11.25,10,0,6,6,10.5,6,0,12.4,0.5,1.79,0.6666666666666666,1.0,10,10.875
18,0,1,0,0,43,1,1,147.0,100.0,9556,1,0,1,0,0,2,0,0.0,2,0,4,1,16.0,4,0,10.8,1.4,1.74,0.0,0.25,1,8.0
18,0,1,1,0,43,1,1,127.0,120.7,9130,1,1,1,0,0,5,1,12.0,11,0,5,3,12.0,9,0,12.7,3.7,-1.7,0.2,0.6,4,12.0
20,0,1,1,0,1,3,1,122.0,114.3,9254,1,0,1,1,0,6,5,12.8,8,0,6,5,12.8,9,0,12.4,0.5,1.79,0.8333333333333334,0.8333333333333334,10,12.8
19,0,1,1,0,1,3,1,131.0,132.4,9147,1,0,1,0,0,5,5,11.8,5,0,5,4,11.25,8,0,9.4,-0.8,-3.12,1.0,0.8,9,11.525
20,0,1,0,0,17,1,1,148.0,129.8,9238,1,0,1,0,0,6,5,10.6,11,0,6,4,10.4,11,0,15.5,2.8,-4.06,0.8333333333333334,0.6666666666666666,9,10.5
20,0,1,1,0,1,1,1,133.0,131.3,9853,1,0,1,0,0,6,5,14.333333333333334,9,0,8,8,12.625,8,0,15.5,2.8,-4.06,0.8333333333333334,1.0,13,13.479166666666668
21,0,1,1,0,17,1,1,128.0,118.6,9238,1,0,1,1,0,6,5,13.2,8,0,6,5,11.8,7,0,8.9,1.4,3.51,0.8333333333333334,0.8333333333333334,10,12.5
20,0,1,0,0,44,1,39,140.0,140.0,9085,1,0,1,0,0,6,6,12.666666666666666,9,0,6,2,13.0,12,0,13.9,-0.3,0.79,1.0,0.3333333333333333,8,12.833333333333332
22,0,1,1,0,1,1,1,101.0,101.0,9085,1,1,1,0,0,6,5,13.333333333333334,9,0,6,4,11.4,17,0,12.4,0.5,1.79,0.8333333333333334,0.6666666666666666,9,12.366666666666667
18,0,1,1,0,1,1,1,126.0,116.9,9853,1,0,1,0,1,7,6,10.666666666666666,10,0,7,6,12.833333333333334,12,0,13.9,-0.3,0.79,0.8571428571428571,0.8571428571428571,12,11.75
20,0,1,1,0,17,3,1,134.0,120.4,9085,1,0,1,0,0,5,3,11.333333333333334,13,2,5,5,12.6,8,0,9.4,-0.8,-3.12,0.6,1.0,8,11.966666666666667
18,0,1,0,0,1,1,1,125.0,132.0,9070,1,0,0,0,0,6,5,12.2,10,1,6,4,10.833333333333334,11,0,13.9,-0.3,0.79,0.8333333333333334,0.6666666666666666,9,11.516666666666666
27,0,1,0,0,39,1,19,133.1,143.7,9500,1,0,1,0,0,7,4,14.0,12,0,7,3,12.525,14,0,12.4,0.5,1.79,0.5714285714285714,0.42857142857142855,7,13.2625
26,0,1,0,0,39,1,1,140.0,152.8,33,1,0,1,0,0,7,7,14.75,9,0,7,5,13.8,12,3,16.2,0.3,-0.92,1.0,0.7142857142857143,12,14.275
18,0,1,1,0,1,2,1,121.0,120.7,9070,1,0,1,0,0,6,4,10.75,8,0,6,0,0.0,9,0,9.4,-0.8,-3.12,0.6666666666666666,0.0,4,5.375
24,1,1,1,0,39,1,19,133.1,100.9,9119,1,0,1,0,0,5,1,12.0,9,0,5,3,10.5,6,0,10.8,1.4,1.74,0.2,0.6,4,11.25
19,1,1,0,0,17,1,1,126.0,116.9,9147,1,0,1,1,0,5,3,11.666666666666666,12,0,5,3,11.666666666666666,10,0,12.7,3.7,-1.7,0.6,0.6,6,11.666666666666666
20,1,1,0,0,1,1,1,117.0,118.4,9147,1,0,1,0,0,5,5,10.0,8,0,5,2,12.0,10,0,7.6,2.6,0.32,1.0,0.4,7,11.0
18,1,1,1,0,17,2,1,127.0,121.1,9119,1,0,1,1,0,5,5,13.2,6,0,5,5,12.6,8,0,8.9,1.4,3.51,1.0,1.0,10,12.899999999999999
20,1,1,0,0,1,2,1,133.0,121.8,9147,1,0,1,0,0,5,4,10.2,9,0,5,3,11.0,6,0,15.5,2.8,-4.06,0.8,0.6,7,10.6
25,1,1,0,0,39,1,40,120.0,146.8,9119,1,0,1,0,0,5,5,14.2,6,0,5,2,13.5,5,0,16.2,0.3,-0.92,1.0,0.4,7,13.85
22,1,1,0,0,1,1,1,133.1,138.0,9670,1,1,1,0,0,6,6,12.625,8,0,6,2,14.5,11,0,11.1,0.6,2.02,1.0,0.3333333333333333,8,13.5625
18,1,1,0,0,1,1,1,149.0,138.0,9500,1,0,1,0,0,8,6,13.496666666666668,11,1,8,6,13.496666666666668,11,1,9.4,-0.8,-3.12,0.75,0.75,12,13.496666666666668
20,1,1,1,0,17,1,1,130.0,117.8,9147,1,0,1,0,0,5,3,11.0,8,0,5,3,12.0,11,0,10.8,1.4,1.74,0.6,0.6,6,11.5
23,1,1,1,0,44,1,39,130.0,130.0,9254,1,1,1,0,0,6,3,11.5,12,0,6,3,10.666666666666666,12,0,8.9,1.4,3.51,0.5,0.5,6,11.083333333333332
20,1,1,1,0,1,1,1,132.0,143.9,9130,1,0,1,0,0,5,2,11.0,14,3,5,3,12.666666666666666,9,0,9.4,-0.8,-3.12,0.4,0.6,5,11.833333333333332
20,1,1,0,0,1,6,1,121.0,116.8,9147,1,0,1,0,0,5,3,12.4,14,0,5,5,10.833333333333334,8,0,13.9,-0.3,0.79,0.6,1.0,8,11.616666666666667
28,0,1,1,0,39,2,1,172.0,150.0,9991,0,0,1,1,0,5,5,10.6,7,0,5,5,10.2,6,0,9.4,-0.8,-3.12,1.0,1.0,10,10.399999999999999
19,0,1,1,0,17,1,1,141.0,128.8,9670,1,0,1,0,0,6,6,14.833333333333334,6,0,6,6,13.285714285714286,8,0,8.9,1.4,3.51,1.0,1.0,12,14.05952380952381
19,0,1,0,0,1,1,1,133.0,126.7,9500,1,0,1,0,0,7,4,12.45,12,0,7,5,11.7,11,0,16.2,0.3,-0.92,0.5714285714285714,0.7142857142857143,9,12.075
20,0,1,1,0,17,1,1,155.0,134.7,9670,1,0,1,0,0,6,5,13.4,8,0,6,4,13.0,10,0,12.7,3.7,-1.7,0.8333333333333334,0.6666666666666666,9,13.2
20,0,1,0,0,17,1,1,119.0,113.2,9003,1,1,1,0,0,6,6,13.333333333333334,8,0,6,5,14.0,8,0,11.1,0.6,2.02,1.0,0.8333333333333334,11,13.666666666666668
18,0,1,1,0,43,3,1,126.0,124.3,9500,1,0,1,1,0,7,5,11.98,8,0,7,5,11.98,8,0,7.6,2.6,0.32,0.7142857142857143,0.7142857142857143,10,11.98
20,0,1,0,0,17,3,1,118.0,118.0,9147,1,0,1,0,0,5,4,11.0,11,0,5,5,13.2,7,0,12.4,0.5,1.79,0.8,1.0,9,12.1
19,0,1,1,0,44,1,39,140.0,140.0,9085,1,0,1,0,0,6,5,12.666666666666666,10,0,6,4,11.75,19,0,12.4,0.5,1.79,0.8333333333333334,0.6666666666666666,9,12.208333333333332
19,0,1,1,0,1,2,1,117.0,109.7,9853,1,0,1,0,0,6,5,12.2,9,0,6,4,13.0,10,0,9.4,-0.8,-3.12,0.8333333333333334,0.6666666666666666,9,12.6
27,0,1,0,0,39,1,1,120.0,123.2,9991,0,0,1,0,0,5,3,10.666666666666666,9,0,5,4,11.4,7,0,10.8,1.4,1.74,0.6,0.8,7,11.033333333333333
18,0,1,0,0,1,6,1,128.0,116.5,9147,1,0,1,0,0,5,3,11.666666666666666,9,0,5,2,11.0,15,0,7.6,2.6,0.32,0.6,0.4,5,11.333333333333332
18,0,1,1,0,1,1,1,129.0,121.0,9147,1,0,1,0,0,5,2,10.5,8,0,5,3,12.333333333333334,7,0,7.6,2.6,0.32,0.4,0.6,5,11.416666666666668
18,0,1,1,0,1,3,1,143.0,133.8,9500,1,0,1,0,0,8,8,14.26875,8,0,8,8,14.26875,8,0,9.4,-0.8,-3.12,1.0,1.0,16,14.26875
19,0,1,1,0,1,1,1,130.0,131.8,9147,1,0,1,1,0,5,2,10.5,8,0,5,3,13.333333333333334,11,0,7.6,2.6,0.32,0.4,0.6,5,11.916666666666668
21,0,1,0,0,1,1,1,135.0,121.0,9238,1,0,1,0,0,6,5,11.2,11,0,6,1,10.0,15,0,7.6,2.6,0.32,0.8333333333333334,0.16666666666666666,6,10.6
23,0,1,1,0,53,1,42,140.0,143.3,9085,1,0,0,0,0,12,9,13.666666666666666,19,0,9,6,13.5,15,0,8.9,1.4,3.51,0.75,0.6666666666666666,15,13.583333333333332
19,0,1,1,0,1,4,1,125.0,114.9,9238,1,1,1,1,0,6,5,11.4,9,0,6,3,10.0,9,0,8.9,1.4,3.51,0.8333333333333334,0.5,8,10.7
18,0,1,0,0,1,1,1,135.0,121.0,9238,1,1,1,0,0,6,5,10.6,10,0,6,2,10.0,14,0,7.6,2.6,0.32,0.8333333333333334,0.3333333333333333,7,10.3
19,0,1,1,0,1,1,1,117.0,117.4,9500,1,0,1,0,0,7,5,11.8,12,0,7,6,11.708333333333334,9,0,11.1,0.6,2.02,0.7142857142857143,0.8571428571428571,11,11.754166666666666
18,0,1,1,0,1,1,1,133.0,126.7,9853,1,0,1,0,0,6,5,11.833333333333334,9,0,6,4,12.0,6,0,15.5,2.8,-4.06,0.8333333333333334,0.6666666666666666,9,11.916666666666668
21,1,1,0,0,1,1,1,140.0,130.0,9254,1,0,1,0,0,6,6,12.571428571428571,8,0,6,4,13.0,10,0,12.7,3.7,-1.7,1.0,0.6666666666666666,10,12.785714285714285
20,1,1,0,0,1,1,1,154.0,137.2,9254,1,0,1,0,0,6,3,10.0,12,0,6,5,10.8,9,0,15.5,2.8,-4.06,0.5,0.8333333333333334,8,10.4
20,1,1,0,0,44,1,39,130.0,130.0,9085,1,0,0,0,0,6,5,13.2,10,0,6,3,12.0,21,0,12.4,0.5,1.79,0.8333333333333334,0.5,8,12.6
37,1,2,0,0,42,1,6,123.0,123.0,9991,0,0,1,0,0,5,5,15.8,10,0,5,5,17.6,5,0,9.4,-0.8,-3.12,1.0,1.0,10,16.700000000000003
18,1,1,1,0,43,1,1,142.0,138.5,9670,1,0,1,0,0,6,5,13.8,16,0,6,5,12.4,7,0,13.9,-0.3,0.79,0.8333333333333334,0.8333333333333334,10,13.100000000000001
23,1,1,0,0,1,1,1,115.0,113.6,9254,1,0,1,0,0,6,6,13.0,10,0,6,6,12.0,9,0,11.1,0.6,2.02,1.0,1.0,12,12.5
18,1,1,1,0,43,1,1,141.0,133.3,9670,1,0,1,0,0,6,4,13.75,13,0,6,5,11.2,8,0,13.9,-0.3,0.79,0.6666666666666666,0.8333333333333334,9,12.475
32,1,1,0,0,43,1,1,140.0,116.9,9773,1,0,1,0,0,11,7,11.285714285714286,15,0,7,6,12.333333333333334,10,0,13.9,-0.3,0.79,0.6363636363636364,0.8571428571428571,13,11.80952380952381
19,1,1,1,0,1,1,1,137.0,146.5,171,1,1,1,0,0,12,11,12.0,13,0,11,10,11.181818181818182,15,0,8.9,1.4,3.51,0.9166666666666666,0.9090909090909091,21,11.59090909090909
20,1,1,1,0,5,1,1,137.0,144.7,171,1,0,1,0,0,0,0,0.0,0,0,0,0,0.0,0,0,16.2,0.3,-0.92,0.0,0.0,0,0.0
40,1,1,0,1,15,1,1,133.1,100.0,9147,1,1,1,0,0,5,1,11.0,10,0,5,1,10.0,10,0,11.1,0.6,2.02,0.2,0.2,2,10.5
20,1,1,0,0,1,4,1,120.0,111.3,9147,1,0,1,0,0,5,5,10.2,8,0,5,5,11.2,7,0,12.4,0.5,1.79,1.0,1.0,10,10.7
20,0,1,1,0,44,1,39,150.0,150.0,9130,1,0,1,0,0,5,4,12.0,7,1,5,4,12.4,6,0,10.8,1.4,1.74,0.8,0.8,8,12.2
19,0,1,1,0,1,3,1,136.0,131.1,9500,1,0,1,0,0,7,6,13.411428571428573,9,0,8,7,13.294444444444444,12,0,15.5,2.8,-4.06,0.8571428571428571,0.875,13,13.352936507936509
19,0,1,1,0,1,1,1,126.0,123.9,9085,1,0,1,0,0,6,4,11.8,13,0,6,4,12.2,18,0,12.4,0.5,1.79,0.6666666666666666,0.6666666666666666,8,12.0
20,0,1,0,0,17,1,1,119.0,110.6,9853,1,0,1,0,0,7,6,11.833333333333334,9,0,7,6,14.333333333333334,7,0,11.1,0.6,2.02,0.8571428571428571,0.8571428571428571,12,13.083333333333334
18,0,1,1,0,1,3,1,154.0,129.0,9500,1,0,1,0,0,8,6,13.345,9,2,8,6,13.345,9,2,9.4,-0.8,-3.12,0.75,0.75,12,13.345
18,0,1,1,0,1,1,1,127.0,137.2,9853,1,0,1,0,0,6,6,12.166666666666666,7,0,6,4,12.75,10,0,10.8,1.4,1.74,1.0,0.6666666666666666,10,12.458333333333332
22,0,1,1,0,53,1,42,130.0,130.0,9070,1,0,0,1,0,6,6,11.0,8,0,6,4,12.0,10,0,8.9,1.4,3.51,1.0,0.6666666666666666,10,11.5
20,0,1,1,0,17,2,1,118.0,113.5,9147,1,1,1,0,0,5,2,11.5,10,0,5,3,10.0,8,0,11.1,0.6,2.02,0.4,0.6,5,10.75
23,0,1,0,0,1,1,1,143.0,141.3,9130,1,1,0,0,0,6,6,14.0,10,0,6,4,13.0,11,0,11.1,0.6,2.02,1.0,0.6666666666666666,10,13.5
20,0,1,1,0,1,5,1,123.0,121.3,9070,1,0,1,0,0,6,6,11.166666666666666,6,0,6,6,11.5,9,0,12.4,0.5,1.79,1.0,1.0,12,11.333333333333332
21,0,1,0,0,51,1,1,130.0,120.0,9147,1,0,1,0,0,5,5,12.8,9,0,5,3,12.666666666666666,11,0,11.1,0.6,2.02,1.0,0.6,8,12.733333333333334
20,0,1,0,0,17,1,1,136.0,130.8,9070,1,0,1,0,0,6,6,12.5,6,0,6,6,11.5,8,0,10.8,1.4,1.74,1.0,1.0,12,12.0
20,0,1,1,0,17,2,1,132.0,125.4,9500,1,0,0,1,0,7,7,13.462857142857144,7,0,8,7,13.164285714285716,10,0,11.1,0.6,2.02,1.0,0.875,14,13.31357142857143
20,0,1,1,1,1,1,1,140.0,131.6,9085,1,0,1,0,0,7,6,14.714285714285714,9,0,7,6,13.2,16,0,12.4,0.5,1.79,0.8571428571428571,0.8571428571428571,12,13.957142857142856
21,0,1,0,1,43,1,1,120.0,120.0,9130,1,1,1,0,0,5,5,13.2,9,2,5,2,12.5,7,2,10.8,1.4,1.74,1.0,0.4,7,12.85
18,1,1,1,0,1,3,1,133.0,121.8,9119,1,0,1,0,0,5,4,12.0,9,0,5,2,11.0,10,0,8.9,1.4,3.51,0.8,0.4,6,11.5
23,1,1,1,0,51,1,1,131.0,126.6,9556,1,0,1,0,0,7,5,12.414285714285713,11,0,7,2,13.5,13,0,8.9,1.4,3.51,0.7142857142857143,0.2857142857142857,7,12.957142857142856
22,1,1,0,0,17,1,1,116.0,115.7,9147,1,0,0,0,0,5,4,11.5,10,0,5,4,14.0,11,0,8.9,1.4,3.51,0.8,0.8,8,12.75
18,0,1,1,0,1,1,1,122.0,113.3,9085,1,0,1,0,0,5,4,14.25,9,0,5,5,12.714285714285714,8,0,10.8,1.4,1.74,0.8,1.0,9,13.482142857142858
22,0,1,1,0,5,2,1,122.0,112.6,9853,1,0,1,0,0,6,5,12.6,10,0,6,4,11.25,9,0,12.7,3.7,-1.7,0.8333333333333334,0.6666666666666666,9,11.925
18,1,1,1,0,17,4,1,127.0,120.4,9119,1,1,0,0,0,5,0,0.0,12,0,5,0,0.0,8,0,9.4,-0.8,-3.12,0.0,0.0,0,0.0
21,1,1,0,0,1,1,1,135.0,131.5,9556,1,0,1,1,0,7,5,11.2,14,0,8,6,11.583333333333334,11,0,16.2,0.3,-0.92,0.7142857142857143,0.75,11,11.391666666666666
21,0,1,1,0,1,1,1,112.0,113.8,9254,1,0,1,0,0,6,6,10.833333333333334,10,0,6,4,11.0,10,0,7.6,2.6,0.32,1.0,0.6666666666666666,10,10.916666666666668
20,0,1,1,0,17,5,1,130.0,130.0,9238,1,0,1,0,0,6,4,11.25,8,0,6,3,10.0,15,0,9.4,-0.8,-3.12,0.6666666666666666,0.5,7,10.625
37,0,4,0,0,39,1,1,120.0,110.0,9991,0,0,1,0,0,5,2,10.0,14,0,5,3,11.333333333333334,7,0,12.7,3.7,-1.7,0.4,0.6,5,10.666666666666668
37,0,2,0,0,39,1,1,133.1,100.0,8014,0,1,1,0,0,8,7,11.375,12,0,7,6,12.166666666666666,10,0,13.9,-0.3,0.79,0.875,0.8571428571428571,13,11.770833333333332
28,0,1,1,0,39,1,1,140.0,129.3,9085,1,1,1,0,0,6,0,0.0,17,0,6,0,0.0,6,0,8.9,1.4,3.51,0.0,0.0,0,0.0
18,0,1,1,0,1,5,1,125.0,122.2,9147,1,0,1,0,0,5,1,11.0,9,0,5,2,12.5,9,0,7.6,2.6,0.32,0.2,0.4,3,11.75
34,0,1,1,0,39,1,1,100.0,121.3,9500,1,0,1,0,0,8,7,11.705714285714285,11,0,8,7,11.705714285714285,11,0,10.8,1.4,1.74,0.875,0.875,14,11.705714285714285
31,0,1,0,0,44,1,39,150.0,150.0,9991,0,0,1,0,0,6,6,12.0,8,0,7,7,13.428571428571429,8,0,9.4,-0.8,-3.12,1.0,1.0,13,12.714285714285715
18,0,1,1,0,1,1,1,145.0,131.7,9773,1,0,1,0,0,6,6,12.666666666666666,7,0,6,4,12.25,8,0,7.6,2.6,0.32,1.0,0.6666666666666666,10,12.458333333333332
31,0,2,1,0,39,1,19,133.1,130.0,9238,1,0,1,0,0,6,0,0.0,11,0,5,0,0.0,10,0,9.4,-0.8,-3.12,0.0,0.0,0,0.0
18,1,1,0,0,1,2,1,149.0,141.0,9119,1,0,1,0,0,5,2,11.666666666666666,9,0,5,2,12.5,9,2,7.6,2.6,0.32,0.4,0.4,4,12.083333333333332
24,1,1,0,0,39,1,1,150.0,120.0,9119,1,0,1,0,0,5,3,10.666666666666666,6,0,5,2,10.5,9,0,15.5,2.8,-4.06,0.6,0.4,5,10.583333333333332
18,1,1,1,0,17,3,1,120.0,116.9,9119,1,1,0,0,0,5,3,12.0,10,0,5,3,10.333333333333334,8,0,8.9,1.4,3.51,0.6,0.6,6,11.166666666666668
41,1,2,0,0,39,1,1,100.0,113.0,9991,0,0,1,1,0,5,4,11.0,9,0,5,5,11.4,6,0,8.9,1.4,3.51,0.8,1.0,9,11.2
34,1,2,0,0,39,1,1,130.0,145.6,9991,0,0,1,0,0,5,4,11.75,10,0,5,4,10.833333333333334,10,0,13.9,-0.3,0.79,0.8,0.8,8,11.291666666666668
20,0,1,1,0,1,3,1,113.0,107.8,9500,1,0,1,1,0,7,5,14.46,10,0,7,6,13.55,8,0,12.4,0.5,1.79,0.7142857142857143,0.8571428571428571,11,14.005
22,0,1,1,1,44,1,39,130.0,130.0,9085,1,0,1,0,0,6,5,12.8,12,0,6,2,11.5,19,0,12.4,0.5,1.79,0.8333333333333334,0.3333333333333333,7,12.15
18,0,1,0,0,1,1,1,120.0,115.1,9853,1,0,1,1,0,6,4,12.0,11,0,6,4,10.75,8,0,15.5,2.8,-4.06,0.6666666666666666,0.6666666666666666,8,11.375
18,0,1,0,0,1,3,1,125.0,118.0,9070,1,0,1,1,0,6,6,14.333333333333334,6,0,6,6,14.0,7,0,11.1,0.6,2.02,1.0,1.0,12,14.166666666666668
18,0,1,0,0,1,1,1,124.0,121.6,9853,1,0,1,0,0,6,5,12.333333333333334,9,0,6,5,10.6,10,0,15.5,2.8,-4.06,0.8333333333333334,0.8333333333333334,10,11.466666666666667
18,0,1,1,0,1,1,1,163.0,146.6,9853,1,1,1,0,0,6,5,13.6,9,0,6,4,11.75,10,0,9.4,-0.8,-3.12,0.8333333333333334,0.6666666666666666,9,12.675
19,0,1,0,0,1,1,1,145.0,142.2,9853,1,0,1,0,0,6,4,12.5,9,0,6,5,12.5,9,0,9.4,-0.8,-3.12,0.6666666666666666,0.8333333333333334,9,12.5
21,0,1,1,0,51,1,1,117.0,120.0,9070,1,0,1,0,0,6,5,12.2,7,0,6,4,12.6,7,0,8.9,1.4,3.51,0.8333333333333334,0.6666666666666666,9,12.399999999999999
18,0,1,1,0,17,2,1,114.0,108.8,9853,1,0,1,0,0,7,5,11.4,11,0,7,6,13.333333333333334,9,0,13.9,-0.3,0.79,0.7142857142857143,0.8571428571428571,11,12.366666666666667
18,0,1,0,0,43,1,1,133.0,133.0,171,1,0,1,0,0,0,0,0.0,0,0,0,0,0.0,0,0,15.5,2.8,-4.06,0.0,0.0,0,0.0
18,0,1,1,0,1,2,1,121.0,120.0,9853,1,0,1,0,0,6,3,12.0,10,0,6,4,10.25,8,0,10.8,1.4,1.74,0.5,0.6666666666666666,7,11.125
21,0,1,0,0,43,1,1,123.0,113.2,9147,1,0,1,0,0,10,6,11.166666666666666,18,2,10,7,10.571428571428571,16,0,7.6,2.6,0.32,0.6,0.7,13,10.869047619047619
20,0,1,1,0,1,2,1,113.0,106.7,9500,1,0,1,1,0,7,5,12.62,10,0,7,6,12.5,8,0,11.1,0.6,2.02,0.7142857142857143,0.8571428571428571,11,12.559999999999999
25,0,1,0,0,39,1,1,120.0,140.0,9991,0,0,1,0,0,5,3,10.666666666666666,11,0,5,3,11.333333333333334,11,0,15.5,2.8,-4.06,0.6,0.6,6,11.0
25,0,1,1,0,39,2,1,130.0,159.0,9556,1,0,1,0,0,7,7,11.857142857142858,11,0,8,5,11.7,21,0,12.4,0.5,1.79,1.0,0.625,12,11.778571428571428
24,0,1,1,0,39,1,1,170.0,140.0,9238,1,0,1,0,0,6,4,15.75,9,0,6,5,16.4,10,0,9.4,-0.8,-3.12,0.6666666666666666,0.8333333333333334,9,16.075
19,0,1,1,0,1,1,1,138.0,131.0,9147,1,0,1,0,0,5,4,11.0,9,0,5,3,10.666666666666666,8,0,12.4,0.5,1.79,0.8,0.6,7,10.833333333333332
19,0,1,0,0,17,6,1,121.0,123.8,9147,1,0,1,1,0,5,5,12.4,5,0,5,3,11.0,8,0,12.7,3.7,-1.7,1.0,0.6,8,11.7
20,0,1,1,0,16,2,1,132.0,122.6,9147,1,0,1,1,0,5,3,12.0,8,0,5,4,12.625,9,0,10.8,1.4,1.74,0.6,0.8,7,12.3125
18,0,1,1,0,1,1,1,131.0,132.8,171,1,0,1,0,0,0,0,0.0,0,0,0,0,0.0,0,0,7.6,2.6,0.32,0.0,0.0,0,0.0
18,0,1,0,0,18,2,1,120.0,115.8,9853,1,0,1,0,0,7,6,12.0,12,0,7,6,12.166666666666666,11,0,13.9,-0.3,0.79,0.8571428571428571,0.8571428571428571,12,12.083333333333332
19,0,1,1,0,17,3,1,112.0,107.8,9147,1,0,1,0,0,5,3,10.333333333333334,7,0,5,3,14.428571428571429,11,0,10.8,1.4,1.74,0.6,0.6,6,12.380952380952381
19,0,1,1,0,1,1,1,138.0,127.5,9500,1,0,1,0,0,7,5,12.94,10,0,7,5,13.76,7,0,16.2,0.3,-0.92,0.7142857142857143,0.7142857142857143,10,13.35
19,0,1,1,0,1,1,1,118.0,117.3,9147,1,0,1,0,0,5,4,12.25,9,0,5,4,12.0,10,0,8.9,1.4,3.51,0.8,0.8,8,12.125
32,0,4,1,0,7,1,40,130.0,130.0,9500,1,0,1,0,0,7,4,13.625,16,0,7,7,12.6375,8,0,12.4,0.5,1.79,0.5714285714285714,1.0,11,13.13125
24,1,1,0,0,39,1,1,130.0,115.2,9991,0,0,1,0,0,5,4,12.0,5,0,5,5,12.666666666666666,6,0,12.4,0.5,1.79,0.8,1.0,9,12.333333333333332
19,0,1,1,0,1,2,1,133.1,96.0,9500,1,0,1,0,0,7,6,13.598333333333334,10,0,8,6,11.933333333333332,11,0,11.1,0.6,2.02,0.8571428571428571,0.75,12,12.765833333333333
45,0,2,1,0,7,1,3,120.0,120.0,9500,1,0,1,0,0,11,11,12.7,11,0,10,10,12.96818181818182,12,0,13.9,-0.3,0.79,1.0,1.0,21,12.83409090909091
18,0,1,1,0,17,1,1,125.0,128.5,9853,1,0,1,0,0,7,6,11.5,9,0,7,7,12.714285714285714,8,0,13.9,-0.3,0.79,0.8571428571428571,1.0,13,12.107142857142858
37,0,2,0,0,39,1,19,133.1,120.0,9003,1,1,1,0,0,6,6,12.875,10,0,6,6,12.9,12,0,16.2,0.3,-0.92,1.0,1.0,12,12.8875
20,0,1,0,0,17,1,1,123.0,113.2,9238,1,0,1,1,0,6,4,10.75,11,0,6,5,11.5,13,0,15.5,2.8,-4.06,0.6666666666666666,0.8333333333333334,9,11.125
18,0,1,1,0,1,4,1,126.0,121.3,9500,1,0,1,1,0,7,6,13.533333333333331,9,0,7,7,12.228571428571428,7,0,12.4,0.5,1.79,0.8571428571428571,1.0,13,12.88095238095238
21,0,1,1,0,53,1,42,140.0,140.0,9085,1,1,1,0,0,9,8,13.25,10,0,9,5,12.2,14,0,8.9,1.4,3.51,0.8888888888888888,0.5555555555555556,13,12.725
25,1,1,0,0,39,1,19,133.1,100.0,9119,1,0,1,0,0,5,1,11.0,13,0,5,1,10.0,11,0,13.9,-0.3,0.79,0.2,0.2,2,10.5
21,0,1,1,0,53,1,42,140.0,140.0,9670,1,1,1,0,0,6,1,12.0,12,0,6,1,11.0,11,0,8.9,1.4,3.51,0.16666666666666666,0.16666666666666666,2,11.5
19,0,1,1,0,43,1,1,170.0,170.0,9085,1,0,1,0,0,5,0,0.0,5,5,5,4,14.75,7,1,12.7,3.7,-1.7,0.0,0.8,4,7.375
23,0,1,0,0,53,1,1,140.0,135.0,9991,0,1,1,0,0,11,8,12.375,18,0,9,5,12.6,15,0,8.9,1.4,3.51,0.7272727272727273,0.5555555555555556,13,12.4875
18,0,1,0,0,17,1,1,121.0,113.7,9773,1,0,1,0,0,6,5,12.6,8,0,6,6,12.428571428571429,10,0,15.5,2.8,-4.06,0.8333333333333334,1.0,11,12.514285714285714
24,1,1,0,0,39,1,1,133.1,116.5,8014,0,0,1,1,0,6,4,12.25,6,0,6,4,11.5,10,0,12.4,0.5,1.79,0.6666666666666666,0.6666666666666666,8,11.875
20,1,1,1,0,1,2,1,129.0,132.9,9070,1,0,1,1,0,6,6,11.375,9,0,6,5,13.8,6,0,7.6,2.6,0.32,1.0,0.8333333333333334,11,12.5875
18,1,1,0,0,17,2,1,120.0,117.2,9119,1,0,1,1,0,5,4,13.5,8,0,6,6,13.625,10,0,11.1,0.6,2.02,0.8,1.0,10,13.5625
26,1,1,1,0,18,1,1,118.0,123.3,9254,1,0,1,0,0,6,4,10.0,10,0,6,3,12.0,11,0,9.4,-0.8,-3.12,0.6666666666666666,0.5,7,11.0
18,0,1,1,0,1,1,1,127.0,118.3,9670,1,0,1,0,0,6,6,12.333333333333334,7,0,6,3,12.0,10,0,13.9,-0.3,0.79,1.0,0.5,9,12.166666666666668
19,0,1,1,0,17,2,1,123.0,113.6,9085,1,0,1,0,0,5,3,12.0,13,2,5,4,11.75,8,0,9.4,-0.8,-3.12,0.6,0.8,7,11.875
20,0,1,1,0,1,2,1,123.0,115.3,9853,1,0,1,0,0,7,6,13.5,8,0,7,6,14.0,8,0,11.1,0.6,2.02,0.8571428571428571,0.8571428571428571,12,13.75
18,0,1,1,0,17,3,1,125.0,118.7,9147,1,0,1,0,0,5,4,10.666666666666666,16,0,5,2,12.0,11,0,13.9,-0.3,0.79,0.8,0.4,6,11.333333333333332
21,0,1,1,0,1,1,1,101.0,98.9,9085,1,0,1,0,0,6,4,12.5,12,0,6,2,12.666666666666666,13,0,11.1,0.6,2.02,0.6666666666666666,0.3333333333333333,6,12.583333333333332
18,0,1,0,0,1,1,1,120.0,113.4,9085,1,0,1,0,0,6,4,11.5,14,0,6,3,13.75,17,0,11.1,0.6,2.02,0.6666666666666666,0.5,7,12.625
20,0,1,1,0,1,1,1,107.0,103.5,9238,1,0,1,0,0,6,3,11.2,13,0,6,4,12.0,9,0,16.2,0.3,-0.92,0.5,0.6666666666666666,7,11.6
19,0,1,1,0,17,2,1,126.0,126.0,9853,1,0,1,0,0,6,5,13.0,9,0,6,5,10.4,8,0,7.6,2.6,0.32,0.8333333333333334,0.8333333333333334,10,11.7
27,0,1,0,0,39,1,1,133.1,121.7,9500,1,0,1,1,0,7,6,12.6,8,0,7,6,11.685714285714283,9,0,12.4,0.5,1.79,0.8571428571428571,0.8571428571428571,12,12.142857142857142
19,0,1,1,0,17,1,1,147.0,142.8,9147,1,1,0,1,0,5,5,12.8,5,0,5,4,12.0,5,0,11.1,0.6,2.02,1.0,0.8,9,12.4
19,0,1,1,0,1,3,1,128.0,120.5,9500,1,0,1,1,0,7,5,13.04,10,0,7,7,12.5,7,0,12.4,0.5,1.79,0.7142857142857143,1.0,12,12.77
23,0,1,1,0,53,1,42,140.0,144.9,9085,1,1,0,0,0,11,11,13.166666666666666,18,0,9,8,13.333333333333334,15,0,8.9,1.4,3.51,1.0,0.8888888888888888,19,13.25
20,0,1,0,0,1,1,1,108.0,105.9,9238,1,0,1,1,0,6,5,10.6,11,0,6,5,11.166666666666666,9,0,11.1,0.6,2.02,0.8333333333333334,0.8333333333333334,10,10.883333333333333
20,0,1,0,0,1,1,1,132.0,124.3,9085,1,0,1,0,0,6,6,13.428571428571429,10,0,6,5,12.666666666666666,11,0,13.9,-0.3,0.79,1.0,0.8333333333333334,11,13.047619047619047
18,1,1,1,0,17,1,1,136.0,122.7,9147,1,0,1,0,0,5,5,12.0,6,0,5,4,12.5,7,0,15.5,2.8,-4.06,1.0,0.8,9,12.25
21,1,1,1,0,1,2,1,118.0,112.4,9085,1,0,1,0,0,5,4,11.5,7,0,5,3,10.6,15,4,10.8,1.4,1.74,0.8,0.6,7,11.05
20,0,1,1,0,1,1,1,133.1,138.0,9130,1,0,1,0,0,6,6,13.333333333333334,11,0,6,6,13.0,10,0,16.2,0.3,-0.92,1.0,1.0,12,13.166666666666668
18,0,1,1,0,1,2,1,140.0,138.3,171,1,0,1,0,0,0,0,0.0,0,0,0,0,0.0,0,0,12.4,0.5,1.79,0.0,0.0,0,0.0
19,0,1,1,0,1,2,1,132.0,124.3,9773,1,0,1,0,0,6,5,12.2,6,0,6,5,10.8,7,0,10.8,1.4,1.74,0.8333333333333334,0.8333333333333334,10,11.5
19,0,1,1,0,1,2,1,122.0,126.9,9773,1,0,1,1,0,6,4,11.0,11,0,6,3,11.666666666666666,11,0,9.4,-0.8,-3.12,0.6666666666666666,0.5,7,11.333333333333332
19,0,1,1,0,1,3,1,127.0,123.5,9147,1,0,1,1,0,5,5,11.6,5,0,5,3,12.666666666666666,11,0,9.4,-0.8,-3.12,1.0,0.6,8,12.133333333333333
18,0,1,1,0,1,2,1,140.0,129.5,9130,1,0,1,0,0,5,4,13.5,10,1,5,5,13.4,5,0,12.7,3.7,-1.7,0.8,1.0,9,13.45
19,0,1,1,0,1,1,1,143.0,133.2,9254,1,0,1,0,0,6,5,13.4,9,0,6,2,13.5,16,0,10.8,1.4,1.74,0.8333333333333334,0.3333333333333333,7,13.45
21,0,3,1,0,17,1,1,138.0,133.5,9238,1,0,1,1,0,6,3,10.2,8,0,6,4,12.25,13,0,12.7,3.7,-1.7,0.5,0.6666666666666666,7,11.225
18,0,1,1,0,1,3,1,129.0,122.0,9254,1,0,1,1,0,6,6,10.833333333333334,9,0,6,5,11.0,8,0,7.6,2.6,0.32,1.0,0.8333333333333334,11,10.916666666666668
18,0,1,1,0,1,2,1,130.0,125.1,9500,1,0,1,1,0,7,6,12.816666666666668,9,0,8,6,12.875,11,0,11.1,0.6,2.02,0.8571428571428571,0.75,12,12.845833333333335
19,0,1,0,1,15,1,1,160.0,160.0,9119,1,1,1,0,0,6,2,13.5,11,1,5,2,11.0,11,0,8.9,1.4,3.51,0.3333333333333333,0.4,4,12.25
20,1,1,0,0,1,1,1,121.0,114.0,9119,1,0,1,0,0,5,4,11.6,9,0,5,4,12.25,7,2,7.6,2.6,0.32,0.8,0.8,8,11.925
20,1,1,0,0,1,1,1,123.0,117.8,9147,1,0,1,0,0,5,5,12.0,9,0,5,4,13.0,9,0,8.9,1.4,3.51,1.0,0.8,9,12.5
18,1,1,1,0,1,6,1,122.0,114.3,9500,1,0,1,0,0,7,6,13.976666666666668,8,0,8,6,12.041666666666666,12,1,11.1,0.6,2.02,0.8571428571428571,0.75,12,13.009166666666667
19,1,1,1,0,1,1,1,136.0,129.7,9670,1,0,1,0,0,6,4,12.5,10,0,6,1,10.0,12,3,16.2,0.3,-0.92,0.6666666666666666,0.16666666666666666,5,11.25
19,1,1,1,0,1,3,1,121.0,122.4,9670,1,0,1,0,0,5,3,11.666666666666666,7,0,5,4,12.0,5,0,9.4,-0.8,-3.12,0.6,0.8,7,11.833333333333332
20,1,1,1,0,17,2,1,135.0,135.0,9254,1,0,1,0,0,6,6,11.833333333333334,8,0,6,5,10.4,9,0,7.6,2.6,0.32,1.0,0.8333333333333334,11,11.116666666666667
21,1,2,1,0,17,5,1,126.0,122.9,9119,1,0,1,0,0,5,4,13.2,10,0,5,4,14.25,7,2,7.6,2.6,0.32,0.8,0.8,8,13.725
18,1,1,1,0,17,1,1,120.0,124.2,9147,1,0,1,0,0,5,5,12.0,13,0,5,4,11.4,9,0,13.9,-0.3,0.79,1.0,0.8,9,11.7
20,1,1,1,0,44,1,39,130.0,130.0,9003,1,0,1,0,0,6,4,11.6,12,0,6,5,11.5,11,0,15.5,2.8,-4.06,0.6666666666666666,0.8333333333333334,9,11.55
20,1,1,1,0,17,1,1,131.0,123.7,9119,1,0,1,0,0,5,4,12.0,7,0,5,2,12.5,8,0,10.8,1.4,1.74,0.8,0.4,6,12.25
25,0,1,1,0,17,1,1,133.1,96.0,9670,1,0,1,1,0,6,6,11.285714285714286,8,0,6,5,12.2,10,0,15.5,2.8,-4.06,1.0,0.8333333333333334,11,11.742857142857144
28,1,4,0,0,39,1,1,140.0,150.0,9003,1,0,1,0,0,6,5,12.0,12,0,6,6,12.333333333333334,10,0,11.1,0.6,2.02,0.8333333333333334,1.0,11,12.166666666666668
35,0,2,0,0,39,1,1,130.0,163.7,9500,1,0,1,0,0,7,5,13.34,11,0,7,5,10.84,9,0,12.4,0.5,1.79,0.7142857142857143,0.7142857142857143,10,12.09
27,0,1,0,0,39,1,40,130.0,130.0,9500,1,0,1,0,0,8,7,12.457142857142856,12,0,8,7,12.457142857142856,12,0,12.7,3.7,-1.7,0.875,0.875,14,12.457142857142856
31,0,1,0,1,39,1,1,160.0,160.0,9991,0,0,1,1,0,5,4,10.5,13,0,5,4,10.5,10,0,15.5,2.8,-4.06,0.8,0.8,8,10.5
47,1,2,0,0,39,1,1,133.1,150.0,9991,0,0,1,0,0,5,4,10.0,8,0,5,4,12.5,8,0,9.4,-0.8,-3.12,0.8,0.8,8,11.25
20,1,1,0,0,1,1,1,133.0,141.4,171,1,0,1,1,0,0,0,0.0,0,0,0,0,0.0,0,0,13.9,-0.3,0.79,0.0,0.0,0,0.0
18,1,1,1,0,1,1,1,134.0,141.7,171,1,0,1,0,0,0,0,0.0,0,0,0,0,0.0,0,0,7.6,2.6,0.32,0.0,0.0,0,0.0
39,0,4,0,0,39,1,1,133.1,100.7,9003,1,0,1,0,0,6,2,13.0,15,2,6,3,13.0,13,1,15.5,2.8,-4.06,0.3333333333333333,0.5,5,13.0
30,1,1,0,0,7,1,4,180.0,180.0,9119,1,1,1,0,0,5,4,14.5,6,0,5,3,16.2,10,0,13.9,-0.3,0.79,0.8,0.6,7,15.35
41,0,2,0,0,44,1,39,140.0,140.0,9991,0,0,1,0,0,6,4,12.25,10,0,7,6,12.5,9,0,9.4,-0.8,-3.12,0.6666666666666666,0.8571428571428571,10,12.375
18,0,1,0,0,18,1,1,125.0,122.2,9773,1,0,0,0,0,6,5,12.6,7,0,6,5,11.8,6,0,11.1,0.6,2.02,0.8333333333333334,0.8333333333333334,10,12.2
18,1,1,1,0,17,1,1,139.0,143.6,9147,1,1,1,0,0,5,0,0.0,9,0,5,0,0.0,5,0,7.6,2.6,0.32,0.0,0.0,0,0.0
20,1,1,0,1,15,1,1,133.1,100.0,33,1,0,1,0,0,7,7,12.857142857142858,10,0,7,4,12.75,7,0,8.9,1.4,3.51,1.0,0.5714285714285714,11,12.803571428571429
21,0,1,1,0,17,1,1,137.0,130.0,9130,1,0,1,0,0,6,5,13.6,12,0,6,4,14.25,10,0,12.4,0.5,1.79,0.8333333333333334,0.6666666666666666,9,13.925
20,0,1,1,0,44,1,39,140.0,140.0,9130,1,1,0,0,0,6,3,12.0,11,0,6,2,11.0,11,0,12.4,0.5,1.79,0.5,0.3333333333333333,5,11.5
20,0,1,0,0,17,4,1,106.0,106.0,9085,1,0,1,0,0,6,6,13.166666666666666,9,0,6,4,14.0,8,0,13.9,-0.3,0.79,1.0,0.6666666666666666,10,13.583333333333332
19,0,1,0,1,15,1,1,137.0,137.0,9556,1,1,1,0,0,7,0,0.0,11,4,7,2,11.666666666666666,11,0,8.9,1.4,3.51,0.0,0.2857142857142857,2,5.833333333333333
45,0,2,1,0,1,1,1,121.0,114.4,8014,0,0,1,0,0,12,12,14.0,14,0,7,7,13.857142857142858,12,0,7.6,2.6,0.32,1.0,1.0,19,13.928571428571429
28,0,1,0,0,39,1,1,100.0,120.7,9991,0,0,1,0,0,5,4,11.25,9,0,5,4,13.0,7,0,7.6,2.6,0.32,0.8,0.8,8,12.125
18,1,1,1,0,16,1,1,158.0,164.3,171,1,0,1,1,0,0,0,0.0,0,0,0,0,0.0,0,0,10.8,1.4,1.74,0.0,0.0,0,0.0
18,0,1,1,0,16,2,1,133.0,122.5,9070,1,0,1,0,0,6,1,11.0,11,1,6,4,11.0,11,4,7.6,2.6,0.32,0.16666666666666666,0.6666666666666666,5,11.0
18,0,1,1,0,1,1,1,132.0,131.3,9147,1,0,1,0,0,5,4,12.0,8,0,5,4,12.25,8,0,9.4,-0.8,-3.12,0.8,0.8,8,12.125
21,1,1,1,0,17,2,1,133.1,117.0,9119,1,0,1,0,0,5,5,11.166666666666666,10,0,5,3,10.8,10,0,12.4,0.5,1.79,1.0,0.6,8,10.983333333333334
18,1,1,1,0,1,4,1,120.0,122.8,9147,1,0,1,0,0,5,4,11.5,6,0,5,2,10.333333333333334,12,0,10.8,1.4,1.74,0.8,0.4,6,10.916666666666668
19,1,1,1,0,17,1,1,118.0,118.4,9147,1,0,1,0,0,5,2,10.5,10,0,5,4,11.75,5,0,12.4,0.5,1.79,0.4,0.8,6,11.125
19,1,1,0,0,1,1,1,127.0,128.1,9670,1,0,1,0,0,5,4,12.5,8,0,5,4,11.0,6,0,7.6,2.6,0.32,0.8,0.8,8,11.75
22,1,1,1,0,1,2,1,133.1,99.0,9500,1,0,1,0,0,7,6,12.833333333333334,9,0,8,6,12.5,12,0,16.2,0.3,-0.92,0.8571428571428571,0.75,12,12.666666666666668
21,1,1,0,0,17,6,1,110.0,111.3,9670,1,0,1,0,0,6,6,12.285714285714286,10,0,6,4,14.25,11,0,15.5,2.8,-4.06,1.0,0.6666666666666666,10,13.267857142857142
18,1,1,1,0,1,2,1,125.0,121.5,9254,1,0,1,0,0,6,5,11.0,12,0,6,3,10.333333333333334,11,0,9.4,-0.8,-3.12,0.8333333333333334,0.5,8,10.666666666666668
20,1,1,1,0,53,1,42,130.0,130.0,9003,1,1,1,0,0,12,11,12.545454545454543,16,0,10,8,11.625,12,0,8.9,1.4,3.51,0.9166666666666666,0.8,19,12.085227272727272
18,1,1,1,0,17,1,1,128.0,125.2,9773,1,0,1,0,0,6,6,12.666666666666666,6,0,6,5,13.6,7,0,12.4,0.5,1.79,1.0,0.8333333333333334,11,13.133333333333333
18,1,1,1,0,16,5,1,134.0,123.9,9085,1,0,1,0,0,5,5,13.0,11,2,5,5,12.4,7,0,9.4,-0.8,-3.12,1.0,1.0,10,12.7
54,1,1,0,0,43,1,1,130.0,100.0,8014,0,0,1,0,0,13,13,13.307692307692308,14,0,11,11,12.818181818181818,12,0,12.7,3.7,-1.7,1.0,1.0,24,13.062937062937063
19,0,1,0,0,1,1,1,141.0,124.3,9500,1,0,1,0,0,8,7,14.514285714285714,8,0,8,7,14.514285714285714,8,0,12.7,3.7,-1.7,0.875,0.875,14,14.514285714285714
27,0,1,0,0,7,1,40,120.0,120.0,9991,0,0,1,0,0,5,5,15.2,5,0,5,5,14.0,6,0,11.1,0.6,2.02,1.0,1.0,10,14.6
20,0,1,0,0,1,2,1,130.0,129.0,9085,1,0,1,0,0,5,4,11.75,7,0,5,2,10.5,9,0,7.6,2.6,0.32,0.8,0.4,6,11.125
20,0,1,1,0,1,1,1,136.0,152.5,171,1,0,1,0,0,0,0,0.0,0,0,0,0,0.0,0,0,13.9,-0.3,0.79,0.0,0.0,0,0.0
19,0,1,1,0,1,1,1,150.0,138.1,9773,1,0,1,0,0,6,6,14.0,7,0,6,5,15.0,7,0,11.1,0.6,2.02,1.0,0.8333333333333334,11,14.5
25,0,1,0,0,39,1,1,133.1,127.7,9991,0,0,1,0,0,5,4,12.5,12,0,5,4,11.0,10,0,13.9,-0.3,0.79,0.8,0.8,8,11.75
19,1,1,1,0,1,1,1,128.0,124.5,9119,1,0,1,0,0,5,3,10.666666666666666,10,0,5,2,14.0,9,2,7.6,2.6,0.32,0.6,0.4,5,12.333333333333332
19,1,1,0,0,1,1,1,117.0,109.3,9773,1,0,1,0,0,6,4,12.25,11,0,6,3,12.666666666666666,10,0,7.6,2.6,0.32,0.6666666666666666,0.5,7,12.458333333333332
20,1,1,1,0,1,1,1,124.0,121.2,171,1,0,1,0,0,0,0,0.0,0,0,0,0,0.0,0,0,10.8,1.4,1.74,0.0,0.0,0,0.0
19,1,1,0,0,1,1,1,131.0,123.3,9147,1,0,1,0,0,5,5,11.8,7,0,5,4,12.4,8,2,16.2,0.3,-0.92,1.0,0.8,9,12.100000000000001
18,1,1,0,0,1,1,1,131.0,135.9,9119,1,0,1,0,0,5,2,14.0,10,0,5,3,11.0,7,1,7.6,2.6,0.32,0.4,0.6,5,12.5
19,1,1,1,0,1,4,1,117.0,117.0,9147,1,0,1,0,0,5,4,10.75,5,0,5,4,12.25,6,0,12.4,0.5,1.79,0.8,0.8,8,11.5
31,0,1,0,0,44,1,39,130.0,130.0,9991,0,0,1,0,0,6,4,12.25,12,0,7,7,12.0,9,0,9.4,-0.8,-3.12,0.6666666666666666,1.0,11,12.125
24,0,1,0,0,44,1,39,140.0,140.0,9085,1,1,0,0,0,6,4,12.5,11,0,6,2,11.5,18,0,12.4,0.5,1.79,0.6666666666666666,0.3333333333333333,6,12.0
33,1,2,0,0,39,1,1,100.0,130.0,9500,1,0,1,1,0,8,1,10.0,16,1,8,1,10.0,16,1,12.7,3.7,-1.7,0.125,0.125,2,10.0
20,0,1,1,0,44,1,39,130.0,130.0,9130,1,0,1,1,0,6,4,12.0,11,0,6,4,10.75,9,0,16.2,0.3,-0.92,0.6666666666666666,0.6666666666666666,8,11.375
44,1,2,0,0,39,1,1,140.0,172.0,8014,0,0,1,0,0,11,9,12.333333333333334,21,0,11,9,11.0,16,0,12.4,0.5,1.79,0.8181818181818182,0.8181818181818182,18,11.666666666666668
18,1,1,1,0,1,5,1,130.0,118.1,9500,1,0,1,0,0,7,6,12.035714285714286,10,0,8,7,13.75,9,0,13.9,-0.3,0.79,0.8571428571428571,0.875,13,12.892857142857142
19,1,1,1,0,17,4,1,122.0,116.1,9254,1,0,1,0,0,6,5,12.2,7,0,6,2,12.0,12,0,7.6,2.6,0.32,0.8333333333333334,0.3333333333333333,7,12.1
21,1,1,1,0,44,1,1,120.0,120.0,9003,1,0,1,0,0,9,7,11.285714285714286,14,2,8,4,12.25,15,0,12.7,3.7,-1.7,0.7777777777777778,0.5,11,11.767857142857142
20,1,1,1,0,17,2,1,152.0,134.2,9070,1,0,1,0,0,6,5,11.8,7,0,6,4,12.0,9,0,15.5,2.8,-4.06,0.8333333333333334,0.6666666666666666,9,11.9
20,1,1,0,0,44,1,39,150.0,150.0,9119,1,0,1,0,0,5,0,0.0,16,0,5,2,10.5,12,0,12.7,3.7,-1.7,0.0,0.4,2,5.25
18,1,1,0,0,1,1,1,150.0,143.4,9119,1,0,0,1,0,5,5,14.2,5,0,5,5,14.2,5,0,8.9,1.4,3.51,1.0,1.0,10,14.2
19,1,1,0,0,17,1,1,145.0,143.6,171,1,1,1,0,0,12,10,12.7,12,0,11,10,12.272727272727272,16,0,8.9,1.4,3.51,0.8333333333333334,0.9090909090909091,20,12.486363636363635
26,1,1,0,0,44,1,39,170.0,170.0,9254,1,0,0,0,0,8,8,15.125,14,0,6,6,13.666666666666666,12,0,11.1,0.6,2.02,1.0,1.0,14,14.395833333333332
32,1,1,0,0,51,1,1,116.0,115.2,9147,1,1,1,0,0,7,3,12.0,16,0,8,3,10.333333333333334,10,0,8.9,1.4,3.51,0.42857142857142855,0.375,6,11.166666666666668
23,0,1,1,0,16,3,1,134.0,121.4,9853,1,0,1,1,0,6,4,14.25,10,1,6,5,12.0,8,0,7.6,2.6,0.32,0.6666666666666666,0.8333333333333334,9,13.125
24,0,1,0,1,39,1,1,133.1,134.8,9147,1,0,1,0,0,5,2,10.5,12,0,5,4,10.0,9,2,16.2,0.3,-0.92,0.4,0.8,6,10.25
25,1,1,1,0,42,1,1,140.0,140.0,9003,1,0,1,0,0,6,5,11.666666666666666,14,0,6,4,12.0,11,0,15.5,2.8,-4.06,0.8333333333333334,0.6666666666666666,9,11.833333333333332
19,1,1,1,0,17,6,1,108.0,112.2,9254,1,0,1,0,0,6,5,10.8,13,0,6,3,10.0,12,0,9.4,-0.8,-3.12,0.8333333333333334,0.5,8,10.4
21,1,1,0,0,1,1,1,133.1,139.0,9670,1,0,1,0,0,6,5,12.8,6,0,6,5,12.25,9,0,10.8,1.4,1.74,0.8333333333333334,0.8333333333333334,10,12.525
19,1,1,1,0,17,3,1,122.0,116.1,9147,1,1,1,0,0,5,4,11.0,10,0,5,2,12.0,13,0,8.9,1.4,3.51,0.8,0.4,6,11.5
25,1,1,0,0,43,1,1,123.0,110.0,9147,1,0,1,0,0,5,3,11.0,12,1,5,4,11.5,12,0,9.4,-0.8,-3.12,0.6,0.8,7,11.25
21,0,1,1,0,43,1,1,136.0,118.4,9500,1,0,1,0,0,7,4,13.125,12,0,7,6,12.333333333333334,8,0,13.9,-0.3,0.79,0.5714285714285714,0.8571428571428571,10,12.729166666666668
19,1,1,0,0,1,3,1,117.0,111.1,9119,1,0,1,1,0,5,5,11.8,10,0,5,3,11.5,12,0,11.1,0.6,2.02,1.0,0.6,8,11.65
18,1,1,0,0,1,5,1,131.0,126.8,9119,1,0,0,1,0,5,5,12.2,6,0,5,4,12.0,8,0,8.9,1.4,3.51,1.0,0.8,9,12.1
24,1,1,0,0,39,1,19,133.1,140.0,9003,1,1,1,0,0,6,6,14.88888888888889,10,0,6,6,13.727272727272728,11,0,16.2,0.3,-0.92,1.0,1.0,12,14.30808080808081
19,0,1,1,0,43,1,1,130.0,130.0,9085,1,0,0,0,0,6,5,13.0,12,0,6,3,11.666666666666666,12,0,13.9,-0.3,0.79,0.8333333333333334,0.5,8,12.333333333333332
19,0,1,1,0,1,3,1,122.0,114.8,9500,1,0,1,1,0,7,4,12.65,11,0,7,5,11.1,9,0,12.4,0.5,1.79,0.5714285714285714,0.7142857142857143,9,11.875
19,0,1,1,0,17,1,1,162.0,138.6,9147,1,0,1,0,0,5,1,11.0,10,0,5,0,0.0,13,0,12.7,3.7,-1.7,0.2,0.0,1,5.5
21,0,1,1,0,17,1,1,125.0,118.4,9085,1,0,1,0,0,5,3,11.333333333333334,13,2,5,2,10.5,12,1,9.4,-0.8,-3.12,0.6,0.4,5,10.916666666666668
18,0,1,0,0,1,1,1,128.0,122.1,9147,1,0,1,1,0,5,4,11.571428571428571,11,0,5,5,12.0,9,0,13.9,-0.3,0.79,0.8,1.0,9,11.785714285714285
39,0,2,1,0,39,1,1,133.1,109.0,9500,1,0,1,0,0,7,5,12.16,8,0,7,5,12.16,8,0,7.6,2.6,0.32,0.7142857142857143,0.7142857142857143,10,12.16
20,1,1,1,0,1,2,1,128.0,121.0,9147,1,1,1,0,1,5,5,13.2,6,0,5,5,11.4,10,3,16.2,0.3,-0.92,1.0,1.0,10,12.3
19,1,1,0,0,43,3,1,135.0,122.1,9254,1,0,1,0,0,6,3,12.5,14,0,6,4,11.0,9,0,12.7,3.7,-1.7,0.5,0.6666666666666666,7,11.75
27,1,2,0,0,42,1,1,130.0,130.0,9991,0,0,1,0,0,2,2,12.5,2,0,5,2,12.5,6,0,12.7,3.7,-1.7,1.0,0.4,4,12.5
34,1,1,0,0,39,1,1,110.0,125.9,9119,1,0,1,0,0,5,0,0.0,7,0,5,1,11.0,8,0,10.8,1.4,1.74,0.0,0.2,1,5.5
41,1,2,0,0,44,1,39,160.0,160.0,9119,1,1,1,0,0,7,5,14.333333333333334,15,0,6,6,14.636363636363637,16,0,12.4,0.5,1.79,0.7142857142857143,1.0,11,14.484848484848484
48,0,2,0,0,39,1,1,133.1,115.2,9500,1,0,1,0,0,7,4,11.75,11,0,7,3,11.725,14,0,11.1,0.6,2.02,0.5714285714285714,0.42857142857142855,7,11.7375
18,0,1,1,0,1,1,1,147.0,145.3,171,1,0,1,0,0,0,0,0.0,0,0,0,0,0.0,0,0,12.4,0.5,1.79,0.0,0.0,0,0.0
19,0,1,1,0,1,1,1,124.0,132.1,9070,1,0,1,0,0,6,2,10.5,10,0,6,3,11.0,6,0,7.6,2.6,0.32,0.3333333333333333,0.5,5,10.75
21,0,1,0,0,1,1,1,105.0,102.6,9085,1,0,1,0,1,6,4,12.0,13,0,6,2,11.5,17,0,11.1,0.6,2.02,0.6666666666666666,0.3333333333333333,6,11.75
19,0,1,1,0,17,1,1,112.0,106.1,9853,1,0,1,0,0,6,5,12.333333333333334,8,0,6,5,11.0,8,0,15.5,2.8,-4.06,0.8333333333333334,0.8333333333333334,10,11.666666666666668
20,0,1,0,0,43,1,1,151.0,100.0,9670,1,1,1,0,0,6,5,12.2,12,0,6,5,14.6,8,0,13.9,-0.3,0.79,0.8333333333333334,0.8333333333333334,10,13.399999999999999
20,0,1,1,0,44,1,39,140.0,140.0,9085,1,0,1,0,0,6,5,14.2,11,0,6,2,13.5,12,0,13.9,-0.3,0.79,0.8333333333333334,0.3333333333333333,7,13.85
18,0,1,0,0,1,1,1,142.0,132.6,9853,1,0,1,0,0,6,5,12.8,8,0,6,3,10.0,14,0,9.4,-0.8,-3.12,0.8333333333333334,0.5,8,11.4
18,0,1,0,0,1,1,1,123.0,124.8,9070,1,0,0,1,0,6,5,11.8,7,0,6,5,13.0,7,0,8.9,1.4,3.51,0.8333333333333334,0.8333333333333334,10,12.4
17,0,1,1,0,1,4,1,140.0,133.8,9500,1,0,1,0,0,8,5,12.46,14,0,8,5,12.46,14,0,10.8,1.4,1.74,0.625,0.625,10,12.46
18,0,1,1,0,1,4,1,125.0,122.6,9238,1,0,1,0,1,6,5,11.833333333333334,9,0,6,2,11.5,8,0,13.9,-0.3,0.79,0.8333333333333334,0.3333333333333333,7,11.666666666666668
24,0,1,1,0,53,1,42,130.0,130.0,9085,1,1,0,0,0,9,8,13.125,9,0,9,6,13.0,13,0,8.9,1.4,3.51,0.8888888888888888,0.6666666666666666,14,13.0625
20,0,1,0,0,18,1,1,128.0,125.8,9500,1,0,1,1,0,8,0,0.0,8,8,8,0,0.0,8,8,9.4,-0.8,-3.12,0.0,0.0,0,0.0
18,0,1,1,0,1,3,1,135.0,121.0,9085,1,0,1,0,0,5,3,12.333333333333334,14,2,5,5,11.6,8,0,9.4,-0.8,-3.12,0.6,1.0,8,11.966666666666667
18,0,1,0,0,17,1,1,146.0,128.2,9853,1,1,1,0,0,6,4,13.25,8,0,6,3,10.666666666666666,10,0,12.7,3.7,-1.7,0.6666666666666666,0.5,7,11.958333333333332
20,0,1,0,0,51,1,1,122.0,112.6,9238,1,1,1,0,0,11,8,12.625,18,0,10,3,11.0,10,0,11.1,0.6,2.02,0.7272727272727273,0.3,11,11.8125
19,0,1,1,0,1,4,1,118.0,110.0,9500,1,0,1,0,0,7,4,12.85,12,0,7,7,12.62142857142857,7,0,11.1,0.6,2.02,0.5714285714285714,1.0,11,12.735714285714284
20,0,1,0,0,44,1,1,140.0,140.0,9085,1,0,1,0,0,6,6,14.285714285714286,7,0,6,3,13.0,9,0,13.9,-0.3,0.79,1.0,0.5,9,13.642857142857142
34,0,2,0,0,39,1,1,140.0,130.0,9991,0,0,1,0,0,5,0,0.0,5,0,5,0,0.0,5,0,9.4,-0.8,-3.12,0.0,0.0,0,0.0
18,0,1,1,0,1,5,1,120.0,112.0,9670,1,0,1,0,0,6,4,11.25,10,0,6,5,12.2,11,0,8.9,1.4,3.51,0.6666666666666666,0.8333333333333334,9,11.725
25,0,1,0,1,39,1,1,120.0,119.5,8014,0,1,1,0,0,6,6,11.333333333333334,6,0,6,4,11.75,6,0,8.9,1.4,3.51,1.0,0.6666666666666666,10,11.541666666666668
21,0,1,1,0,1,1,1,100.0,101.8,9254,1,0,1,0,0,6,5,11.6,8,0,6,5,13.0,6,0,12.4,0.5,1.79,0.8333333333333334,0.8333333333333334,10,12.3
34,0,2,0,0,39,1,1,120.0,170.0,9991,0,0,1,0,0,5,2,11.5,12,0,5,4,11.75,9,0,9.4,-0.8,-3.12,0.4,0.8,6,11.625
17,1,1,1,0,1,2,1,127.0,133.5,171,1,0,1,0,0,0,0,0.0,0,0,0,0,0.0,0,0,15.5,2.8,-4.06,0.0,0.0,0,0.0
22,1,1,0,0,42,1,1,100.0,153.0,9500,1,0,1,0,0,6,3,14.5,7,0,7,4,14.375,8,0,15.5,2.8,-4.06,0.5,0.5714285714285714,7,14.4375
19,0,1,1,0,1,6,1,138.0,123.0,9500,1,0,1,0,0,7,5,13.44,10,0,7,6,13.066666666666668,8,0,12.4,0.5,1.79,0.7142857142857143,0.8571428571428571,11,13.253333333333334
20,0,1,0,0,44,1,39,150.0,150.0,9085,1,0,1,0,0,6,6,13.0,8,0,6,2,12.0,18,0,12.4,0.5,1.79,1.0,0.3333333333333333,8,12.5
19,0,1,1,0,18,4,1,123.0,123.7,9853,1,0,1,0,0,6,5,12.666666666666666,8,0,6,5,11.0,8,0,15.5,2.8,-4.06,0.8333333333333334,0.8333333333333334,10,11.833333333333332
21,0,5,1,0,1,3,1,133.0,119.7,9085,1,0,1,0,0,5,5,12.2,13,2,5,3,11.333333333333334,10,1,9.4,-0.8,-3.12,1.0,0.6,8,11.766666666666666
21,0,1,0,0,17,1,1,133.1,117.0,9773,1,0,1,0,0,6,5,11.8,8,0,6,5,11.833333333333334,8,0,15.5,2.8,-4.06,0.8333333333333334,0.8333333333333334,10,11.816666666666666
18,0,1,0,0,43,1,1,127.0,121.1,9500,1,0,1,1,0,7,5,12.16,11,0,7,2,13.4,7,0,16.2,0.3,-0.92,0.7142857142857143,0.2857142857142857,7,12.780000000000001
18,0,1,1,0,16,1,1,145.0,146.1,9070,1,0,1,0,0,6,1,15.0,6,0,6,4,12.5,7,0,9.4,-0.8,-3.12,0.16666666666666666,0.6666666666666666,5,13.75
18,0,1,1,0,17,1,1,138.0,126.8,9085,1,0,1,0,0,5,2,11.5,12,0,5,3,11.8,12,2,10.8,1.4,1.74,0.4,0.6,5,11.65
19,0,1,1,0,44,3,39,150.0,150.0,9085,1,0,1,0,0,5,1,13.0,10,1,5,3,15.333333333333334,8,0,12.7,3.7,-1.7,0.2,0.6,4,14.166666666666668
18,0,1,1,0,17,1,1,133.0,134.8,171,1,0,1,0,0,0,0,0.0,0,0,0,0,0.0,0,0,12.4,0.5,1.79,0.0,0.0,0,0.0
18,0,1,0,0,1,1,1,125.0,126.8,9085,1,0,1,0,0,6,6,12.0,13,0,6,4,12.75,16,0,11.1,0.6,2.02,1.0,0.6666666666666666,10,12.375
18,0,1,1,0,17,5,1,137.0,131.1,9500,1,0,1,0,0,7,7,12.385714285714286,9,0,8,7,12.728571428571428,9,0,13.9,-0.3,0.79,1.0,0.875,14,12.557142857142857
18,0,1,1,0,17,1,1,143.0,131.8,9130,1,1,0,0,0,6,5,12.4,9,0,6,5,14.166666666666666,12,0,8.9,1.4,3.51,0.8333333333333334,0.8333333333333334,10,13.283333333333333
21,0,1,1,0,44,1,39,130.0,130.0,9085,1,0,1,0,0,6,3,11.75,13,0,6,5,12.333333333333334,13,0,12.4,0.5,1.79,0.5,0.8333333333333334,8,12.041666666666668
18,0,1,1,0,17,2,1,137.0,143.3,171,1,0,1,0,0,0,0,0.0,0,0,0,0,0.0,0,0,9.4,-0.8,-3.12,0.0,0.0,0,0.0
19,0,1,1,0,17,2,1,133.0,136.2,9238,1,0,1,0,0,6,1,11.5,14,0,6,2,10.5,12,0,7.6,2.6,0.32,0.16666666666666666,0.3333333333333333,3,11.0
18,0,1,0,0,1,1,1,124.0,126.8,9070,1,0,1,1,0,6,6,12.0,8,1,6,5,11.142857142857142,12,0,13.9,-0.3,0.79,1.0,0.8333333333333334,11,11.571428571428571
18,1,1,1,0,17,1,1,144.0,129.3,171,1,0,1,1,0,0,0,0.0,0,0,0,0,0.0,0,0,7.6,2.6,0.32,0.0,0.0,0,0.0
18,1,1,0,0,17,1,1,142.0,127.3,9119,1,0,1,0,0,5,3,11.0,10,0,5,3,11.0,6,1,16.2,0.3,-0.92,0.6,0.6,6,11.0
19,1,1,1,0,1,2,1,133.1,98.0,9773,1,0,1,1,0,6,4,12.0,8,0,6,6,12.285714285714286,8,0,15.5,2.8,-4.06,0.6666666666666666,1.0,10,12.142857142857142
20,1,1,1,0,17,2,1,130.0,122.0,9147,1,0,1,0,0,5,2,10.5,8,0,5,4,12.25,11,0,10.8,1.4,1.74,0.4,0.8,6,11.375
19,1,1,1,0,43,1,1,117.0,112.5,9070,1,0,1,0,0,6,3,11.666666666666666,7,0,6,4,10.333333333333334,13,0,13.9,-0.3,0.79,0.5,0.6666666666666666,7,11.0
20,1,1,0,0,44,1,39,180.0,180.0,9119,1,0,1,1,0,7,6,14.142857142857142,12,0,6,6,14.125,10,0,12.4,0.5,1.79,0.8571428571428571,1.0,12,14.133928571428571
22,1,1,0,0,43,1,1,130.0,130.8,9147,1,0,1,0,0,5,0,0.0,5,0,5,3,13.333333333333334,9,2,16.2,0.3,-0.92,0.0,0.6,3,6.666666666666667
22,1,1,1,0,17,2,1,133.1,109.0,9147,1,0,1,1,0,5,3,12.333333333333334,7,0,5,3,10.571428571428571,9,0,10.8,1.4,1.74,0.6,0.6,6,11.452380952380953
19,1,1,0,0,1,1,1,126.0,130.2,9119,1,0,1,0,0,5,5,10.2,7,0,5,3,12.0,8,0,10.8,1.4,1.74,1.0,0.6,8,11.1
19,1,1,0,0,1,2,1,133.0,130.2,9773,1,0,1,0,0,6,5,12.6,9,0,10,8,11.0,16,1,8.9,1.4,3.51,0.8333333333333334,0.8,13,11.8
18,1,1,0,0,43,1,1,146.0,100.0,9119,1,0,1,0,0,5,4,12.25,9,0,5,3,11.666666666666666,11,0,13.9,-0.3,0.79,0.8,0.6,7,11.958333333333332
18,1,1,0,0,17,2,1,118.0,121.2,9254,1,0,1,1,0,6,3,10.666666666666666,12,0,6,4,12.0,9,0,15.5,2.8,-4.06,0.5,0.6666666666666666,7,11.333333333333332
19,1,1,0,0,1,1,1,123.0,117.8,9254,1,0,1,0,0,6,4,12.75,10,0,6,2,13.0,12,0,10.8,1.4,1.74,0.6666666666666666,0.3333333333333333,6,12.875
24,1,1,0,0,39,1,1,130.0,110.0,9130,1,0,1,0,0,6,6,11.333333333333334,11,0,6,3,11.333333333333334,12,0,16.2,0.3,-0.92,1.0,0.5,9,11.333333333333334
25,1,1,1,0,39,1,12,133.1,138.3,9085,1,1,0,0,0,6,0,0.0,6,0,6,0,0.0,6,0,8.9,1.4,3.51,0.0,0.0,0,0.0
37,1,2,0,0,39,1,1,130.0,127.8,9991,0,0,1,0,0,5,4,10.75,7,0,5,3,11.333333333333334,7,0,7.6,2.6,0.32,0.8,0.6,7,11.041666666666668
19,1,1,0,0,43,1,1,128.0,100.0,9119,1,0,1,0,0,5,5,12.0,8,0,5,2,10.5,12,0,13.9,-0.3,0.79,1.0,0.4,7,11.25
19,1,1,0,0,17,1,1,128.0,124.7,9500,1,0,1,1,0,7,6,12.528571428571428,11,0,7,6,12.416666666666666,10,0,15.5,2.8,-4.06,0.8571428571428571,0.8571428571428571,12,12.472619047619048
21,1,1,0,0,43,2,1,136.0,124.1,9500,1,0,1,1,0,8,0,0.0,8,8,8,0,0.0,8,8,9.4,-0.8,-3.12,0.0,0.0,0,0.0
20,1,1,0,0,44,1,39,130.0,130.0,9003,1,0,1,0,0,7,3,10.666666666666666,13,0,6,2,11.5,14,0,15.5,2.8,-4.06,0.42857142857142855,0.3333333333333333,5,11.083333333333332
19,1,1,0,0,1,2,1,122.0,116.1,9670,1,0,1,1,0,6,6,13.125,10,0,6,6,12.714285714285714,9,0,11.1,0.6,2.02,1.0,1.0,12,12.919642857142858
42,1,1,1,0,1,1,1,110.0,114.3,9853,1,0,1,0,0,6,5,12.4,9,0,6,5,11.8,10,0,7.6,2.6,0.32,0.8333333333333334,0.8333333333333334,10,12.100000000000001
21,1,1,0,0,18,1,1,106.0,104.6,9085,1,0,0,0,0,6,5,14.0,10,0,6,4,14.8,11,0,11.1,0.6,2.02,0.8333333333333334,0.6666666666666666,9,14.4
19,1,1,1,0,1,1,1,132.0,136.6,9070,1,0,1,0,0,6,5,11.4,7,0,6,3,11.0,10,3,7.6,2.6,0.32,0.8333333333333334,0.5,8,11.2
21,1,1,0,0,44,1,39,140.0,140.0,9003,1,0,1,0,0,6,4,11.75,13,0,6,4,10.5,15,0,15.5,2.8,-4.06,0.6666666666666666,0.6666666666666666,8,11.125
20,1,1,0,0,1,1,1,140.0,138.3,9070,1,0,1,0,0,6,6,13.428571428571429,8,1,6,4,11.5,12,0,13.9,-0.3,0.79,1.0,0.6666666666666666,10,12.464285714285715
19,1,1,0,0,42,1,1,136.0,117.5,9119,1,0,1,0,0,5,4,11.8,6,0,5,2,11.5,7,0,15.5,2.8,-4.06,0.8,0.4,6,11.65
23,1,1,0,0,44,1,39,140.0,140.0,9119,1,0,1,0,0,7,3,14.0,12,0,6,1,14.0,12,0,12.4,0.5,1.79,0.42857142857142855,0.16666666666666666,4,14.0
18,1,1,0,0,17,1,1,131.0,125.1,9070,1,0,1,0,0,6,6,12.333333333333334,7,0,6,5,10.8,10,4,16.2,0.3,-0.92,1.0,0.8333333333333334,11,11.566666666666666
22,1,1,0,0,1,1,1,130.0,118.8,9147,1,1,1,1,0,5,5,10.666666666666666,8,0,5,2,11.0,11,0,15.5,2.8,-4.06,1.0,0.4,7,10.833333333333332
19,1,1,1,0,18,5,1,136.0,125.2,9119,1,0,1,0,0,5,5,11.833333333333334,9,0,5,5,14.714285714285714,9,0,12.4,0.5,1.79,1.0,1.0,10,13.273809523809524
22,1,1,1,0,1,3,1,110.0,107.6,9070,1,0,1,1,0,6,6,11.666666666666666,6,0,6,6,12.166666666666666,6,0,7.6,2.6,0.32,1.0,1.0,12,11.916666666666666
38,1,1,0,0,43,1,1,160.0,100.0,9070,1,0,1,0,0,6,5,16.0,9,1,6,4,16.5,11,0,13.9,-0.3,0.79,0.8333333333333334,0.6666666666666666,9,16.25
27,1,1,1,0,39,1,1,110.0,126.0,9500,1,0,1,0,0,7,7,14.085714285714284,7,0,7,7,14.085714285714284,7,0,7.6,2.6,0.32,1.0,1.0,14,14.085714285714284
19,1,1,1,0,51,1,1,129.0,121.6,9119,1,0,1,0,0,5,0,0.0,10,0,5,1,10.0,7,0,7.6,2.6,0.32,0.0,0.2,1,5.0
20,1,1,0,0,17,1,1,122.0,114.7,9119,1,0,1,0,0,5,5,15.8,6,0,5,5,13.714285714285714,8,0,11.1,0.6,2.02,1.0,1.0,10,14.757142857142856
18,1,1,1,0,17,4,1,139.0,133.1,9119,1,0,1,0,0,5,4,12.5,8,0,5,3,14.666666666666666,7,1,7.6,2.6,0.32,0.8,0.6,7,13.583333333333332
19,1,1,0,0,43,1,1,132.0,120.5,9670,1,0,1,0,0,6,4,12.5,17,0,6,4,13.25,8,0,13.9,-0.3,0.79,0.6666666666666666,0.6666666666666666,8,12.875
24,1,1,0,0,39,1,1,139.0,110.3,9119,1,1,1,0,0,5,1,10.0,12,0,5,1,11.0,11,0,8.9,1.4,3.51,0.2,0.2,2,10.5
22,1,1,1,0,44,1,39,140.0,140.0,9119,1,0,1,0,0,5,0,0.0,9,0,5,2,11.666666666666666,6,0,10.8,1.4,1.74,0.0,0.4,2,5.833333333333333
19,1,1,0,0,1,1,1,144.0,132.8,9003,1,0,1,1,0,6,4,12.0,9,2,6,4,12.5,10,0,15.5,2.8,-4.06,0.6666666666666666,0.6666666666666666,8,12.25
23,1,1,1,0,1,1,1,131.0,127.2,171,1,1,1,0,0,17,13,12.153846153846152,19,0,17,11,11.909090909090908,28,1,11.1,0.6,2.02,0.7647058823529411,0.6470588235294118,24,12.03146853146853
29,1,1,1,0,1,1,1,140.0,133.4,9773,1,0,0,0,0,6,6,16.5,8,0,6,5,13.8,6,0,11.1,0.6,2.02,1.0,0.8333333333333334,11,15.15
20,1,1,0,0,44,1,1,140.0,140.0,9003,1,0,1,0,0,6,6,11.285714285714286,11,0,6,5,11.77777777777778,12,0,16.2,0.3,-0.92,1.0,0.8333333333333334,11,11.531746031746033
22,1,1,1,0,17,3,1,125.0,117.0,171,1,0,1,0,1,0,0,0.0,0,0,0,0,0.0,0,0,10.8,1.4,1.74,0.0,0.0,0,0.0
20,1,1,1,0,1,2,1,117.0,110.7,9670,1,0,1,0,0,6,5,14.0,10,0,6,6,12.0,10,0,11.1,0.6,2.02,0.8333333333333334,1.0,11,13.0
24,1,1,1,0,39,1,1,150.0,160.0,9130,1,0,1,0,0,5,4,13.75,13,1,5,3,12.0,9,0,9.4,-0.8,-3.12,0.8,0.6,7,12.875
21,1,1,0,0,53,1,1,130.0,130.0,9003,1,1,1,0,0,12,10,11.8,20,0,12,9,11.444444444444445,15,0,8.9,1.4,3.51,0.8333333333333334,0.75,19,11.622222222222224
20,1,1,0,0,17,1,1,127.0,115.8,9119,1,0,1,0,0,5,4,11.5,10,0,5,0,0.0,11,0,13.9,-0.3,0.79,0.8,0.0,4,5.75
22,1,1,1,0,1,5,1,125.0,126.1,9773,1,0,1,0,0,6,5,13.4,10,0,6,3,10.666666666666666,12,0,9.4,-0.8,-3.12,0.8333333333333334,0.5,8,12.033333333333333
18,1,1,0,0,1,1,1,135.0,126.3,9147,1,0,1,0,0,5,2,13.5,11,0,5,3,12.333333333333334,11,0,8.9,1.4,3.51,0.4,0.6,5,12.916666666666668
22,1,1,1,0,43,1,1,128.0,124.2,9773,1,0,1,0,0,6,3,11.333333333333334,17,3,6,3,12.333333333333334,14,0,15.5,2.8,-4.06,0.5,0.5,6,11.833333333333334
19,1,1,1,0,1,2,1,135.0,136.1,9773,1,0,1,0,0,6,5,11.4,9,0,6,5,12.4,13,0,8.9,1.4,3.51,0.8333333333333334,0.8333333333333334,10,11.9
43,0,2,0,0,39,2,1,150.0,120.0,9991,0,0,1,0,0,5,3,10.666666666666666,11,0,5,4,12.5,10,0,9.4,-0.8,-3.12,0.6,0.8,7,11.583333333333332
24,1,1,0,1,39,1,1,133.1,129.8,9003,1,0,1,0,0,7,7,13.571428571428571,7,0,6,5,13.4,9,0,8.9,1.4,3.51,1.0,0.8333333333333334,12,13.485714285714286
18,1,1,1,0,17,4,1,135.0,126.6,9119,1,0,1,0,0,5,4,12.0,7,0,5,3,13.0,10,3,7.6,2.6,0.32,0.8,0.6,7,12.5
21,1,2,0,0,43,1,1,160.0,120.0,9085,1,0,1,0,0,5,0,0.0,11,2,5,3,11.666666666666666,11,1,9.4,-0.8,-3.12,0.0,0.6,3,5.833333333333333
39,1,1,0,0,39,1,1,100.0,108.3,8014,0,0,1,0,0,6,5,11.4,8,0,6,3,11.0,12,1,7.6,2.6,0.32,0.8333333333333334,0.5,8,11.2
34,1,1,0,0,39,1,1,120.0,100.0,9500,1,0,1,0,0,7,6,11.333333333333334,15,0,7,4,12.6,16,0,16.2,0.3,-0.92,0.8571428571428571,0.5714285714285714,10,11.966666666666667
18,1,1,0,0,1,1,1,130.0,118.1,171,1,1,0,0,0,0,0,0.0,0,0,0,0,0.0,0,0,9.4,-0.8,-3.12,0.0,0.0,0,0.0
21,1,1,0,1,15,1,1,130.0,130.0,171,1,0,1,0,0,12,12,15.083333333333334,12,0,11,11,13.083333333333334,15,0,8.9,1.4,3.51,1.0,1.0,23,14.083333333333334
27,1,1,0,0,1,1,1,166.0,146.4,9147,1,0,1,0,0,5,3,10.0,12,0,5,1,13.0,12,0,7.6,2.6,0.32,0.6,0.2,4,11.5
18,1,1,1,0,1,1,1,146.0,148.5,9119,1,0,1,0,0,5,4,10.0,7,0,5,1,16.0,8,0,10.8,1.4,1.74,0.8,0.2,5,13.0
20,1,1,0,0,44,1,39,140.0,140.0,9003,1,0,1,1,0,6,5,13.833333333333334,11,0,6,6,12.3,13,0,15.5,2.8,-4.06,0.8333333333333334,1.0,11,13.066666666666666
19,1,1,1,0,44,1,39,150.0,150.0,9130,1,0,1,0,0,6,5,11.6,13,0,6,2,11.0,12,0,13.9,-0.3,0.79,0.8333333333333334,0.3333333333333333,7,11.3
23,1,1,1,0,1,1,1,160.0,140.8,9254,1,0,1,0,0,6,6,12.666666666666666,8,0,6,5,12.2,10,0,7.6,2.6,0.32,1.0,0.8333333333333334,11,12.433333333333334
22,1,1,1,0,43,1,1,120.0,120.0,171,1,0,1,0,0,0,0,0.0,0,0,0,0,0.0,0,0,7.6,2.6,0.32,0.0,0.0,0,0.0
20,1,1,1,0,17,6,1,133.0,123.2,9147,1,0,1,0,0,5,3,12.666666666666666,7,1,5,2,12.5,12,0,9.4,-0.8,-3.12,0.6,0.4,5,12.583333333333332
20,1,1,1,0,17,2,1,124.0,127.9,9773,1,0,1,0,0,6,3,13.666666666666666,11,0,6,4,10.25,13,0,9.4,-0.8,-3.12,0.5,0.6666666666666666,7,11.958333333333332
19,1,1,0,0,1,2,1,128.0,120.3,9147,1,0,1,0,0,5,5,10.8,9,0,5,2,13.5,13,0,8.9,1.4,3.51,1.0,0.4,7,12.15
18,0,1,1,1,15,1,1,190.0,190.0,9500,1,0,1,0,0,7,4,11.575,15,0,7,5,12.419999999999998,10,0,12.4,0.5,1.79,0.5714285714285714,0.7142857142857143,9,11.997499999999999
20,1,1,1,1,17,4,1,122.0,121.0,9119,1,0,1,0,0,5,4,14.25,10,0,5,1,10.0,14,0,8.9,1.4,3.51,0.8,0.2,5,12.125
18,0,1,1,0,17,1,1,138.0,126.3,9130,1,0,1,1,0,6,6,12.833333333333334,7,1,6,6,13.0,8,0,8.9,1.4,3.51,1.0,1.0,12,12.916666666666668
19,0,1,1,0,17,2,1,141.0,130.2,9853,1,0,1,0,0,6,5,11.4,8,1,6,4,10.75,7,0,12.7,3.7,-1.7,0.8333333333333334,0.6666666666666666,9,11.075
19,0,1,0,1,43,1,1,100.0,100.0,9130,1,0,1,0,0,5,5,14.857142857142858,10,2,5,5,15.142857142857142,7,0,9.4,-0.8,-3.12,1.0,1.0,10,15.0
19,0,1,0,0,44,1,39,140.0,140.0,9003,1,0,1,0,0,6,3,11.666666666666666,18,0,6,4,11.5,14,0,15.5,2.8,-4.06,0.5,0.6666666666666666,7,11.583333333333332
20,0,1,1,0,17,3,1,145.0,153.1,9070,1,0,1,1,0,6,6,12.5,6,0,6,6,14.333333333333334,6,0,12.7,3.7,-1.7,1.0,1.0,12,13.416666666666668
18,1,1,1,0,18,4,1,134.0,124.9,9119,1,1,1,0,0,5,3,10.666666666666666,11,0,5,3,11.333333333333334,9,0,8.9,1.4,3.51,0.6,0.6,6,11.0
18,1,1,1,0,1,1,1,163.0,150.8,9119,1,0,1,0,0,5,4,10.5,9,0,5,2,10.5,11,3,7.6,2.6,0.32,0.8,0.4,6,10.5
18,0,1,1,0,1,2,1,165.0,163.6,171,1,0,1,0,0,0,0,0.0,0,0,0,0,0.0,0,0,12.4,0.5,1.79,0.0,0.0,0,0.0
19,0,1,0,0,43,1,1,142.0,115.0,9147,1,0,1,0,0,5,5,11.5,11,0,5,2,10.666666666666666,9,0,13.9,-0.3,0.79,1.0,0.4,7,11.083333333333332
20,0,1,0,0,1,1,1,133.0,126.0,9238,1,0,1,0,0,6,1,12.0,11,0,5,0,0.0,10,0,9.4,-0.8,-3.12,0.16666666666666666,0.0,1,6.0
26,0,1,0,0,39,1,1,140.0,105.0,8014,0,0,1,0,0,6,3,10.666666666666666,14,1,6,5,11.2,9,0,15.5,2.8,-4.06,0.5,0.8333333333333334,8,10.933333333333334
41,0,1,0,0,39,1,12,133.1,139.4,9147,1,1,1,0,0,5,5,11.6,6,0,5,5,12.2,8,0,7.6,2.6,0.32,1.0,1.0,10,11.899999999999999
26,0,1,0,0,39,1,1,150.0,138.5,9991,0,0,1,0,0,5,4,12.0,10,0,5,4,11.25,9,0,12.7,3.7,-1.7,0.8,0.8,8,11.625
21,0,1,1,0,18,2,1,115.0,108.7,9147,1,0,1,0,0,5,3,12.0,8,1,5,3,12.666666666666666,9,0,9.4,-0.8,-3.12,0.6,0.6,6,12.333333333333332
24,0,1,1,0,1,4,1,133.1,106.0,9147,1,0,1,0,0,5,2,10.5,11,0,5,1,11.0,14,0,12.7,3.7,-1.7,0.4,0.2,3,10.75
18,0,1,1,0,1,4,1,134.0,127.4,9853,1,0,1,0,0,6,5,12.2,7,0,6,5,12.2,7,0,10.8,1.4,1.74,0.8333333333333334,0.8333333333333334,10,12.2
22,0,1,1,0,1,1,1,133.1,95.0,9853,1,1,0,0,0,7,6,11.5,10,0,7,6,13.166666666666666,8,0,11.1,0.6,2.02,0.8571428571428571,0.8571428571428571,12,12.333333333333332
23,0,1,1,0,17,1,1,115.0,115.0,9147,1,0,1,0,0,5,2,10.0,7,1,5,1,12.0,9,0,9.4,-0.8,-3.12,0.4,0.2,3,11.0
21,0,1,1,0,17,3,1,130.0,121.3,9085,1,0,1,0,0,5,2,13.0,14,2,5,4,12.0,8,1,9.4,-0.8,-3.12,0.4,0.8,6,12.5
18,0,1,1,0,17,3,1,118.0,121.2,9853,1,0,1,0,0,6,5,13.4,8,0,6,5,12.0,7,0,7.6,2.6,0.32,0.8333333333333334,0.8333333333333334,10,12.7
22,0,1,1,0,17,1,1,122.0,112.9,9254,1,0,1,0,0,6,4,12.25,14,0,6,3,11.333333333333334,11,0,7.6,2.6,0.32,0.6666666666666666,0.5,7,11.791666666666668
29,0,1,0,0,42,1,1,100.0,115.9,9070,1,0,1,0,0,10,9,11.555555555555555,15,0,11,10,11.9,17,0,9.4,-0.8,-3.12,0.9,0.9090909090909091,19,11.727777777777778
19,1,1,0,0,1,1,1,137.0,125.3,9500,1,0,1,0,0,7,7,12.2,7,0,7,7,12.2,7,0,7.6,2.6,0.32,1.0,1.0,14,12.2
18,1,1,0,0,1,1,1,120.0,111.3,9147,1,0,1,1,0,5,4,10.8,10,0,5,4,11.75,10,0,15.5,2.8,-4.06,0.8,0.8,8,11.275
28,1,1,0,0,39,9,1,120.0,144.8,9991,0,0,1,0,0,5,4,12.75,7,0,5,5,14.333333333333334,7,0,10.8,1.4,1.74,0.8,1.0,9,13.541666666666668
20,1,1,1,0,1,1,1,132.0,129.9,9670,1,0,1,0,0,6,6,12.714285714285714,10,0,6,4,13.0,8,0,12.4,0.5,1.79,1.0,0.6666666666666666,10,12.857142857142858
26,1,1,0,0,43,1,1,150.0,126.4,9070,1,0,1,0,0,7,7,13.285714285714286,8,0,8,7,12.142857142857142,11,0,12.4,0.5,1.79,1.0,0.875,14,12.714285714285715
20,1,1,0,0,1,1,1,127.0,121.4,9500,1,0,1,0,0,7,5,13.976666666666668,10,0,8,8,13.22222222222222,9,0,12.4,0.5,1.79,0.7142857142857143,1.0,13,13.599444444444444
20,1,1,1,0,17,2,1,114.0,111.9,9853,1,0,1,1,0,6,6,12.0,6,0,6,6,12.5,7,0,7.6,2.6,0.32,1.0,1.0,12,12.25
43,1,2,1,0,39,1,19,133.1,100.5,9500,1,0,1,0,0,8,7,11.635714285714286,8,0,8,7,11.635714285714286,8,0,10.8,1.4,1.74,0.875,0.875,14,11.635714285714286
18,1,1,1,0,17,5,1,138.0,123.3,9119,1,1,1,0,0,5,4,12.5,9,0,5,5,11.285714285714286,11,0,12.4,0.5,1.79,0.8,1.0,9,11.892857142857142
40,1,2,0,0,39,1,1,160.0,114.3,9991,0,0,1,0,0,5,3,11.0,9,0,5,4,12.5,8,1,7.6,2.6,0.32,0.6,0.8,7,11.75
27,1,1,0,0,1,1,1,133.1,97.0,9254,1,0,1,0,0,6,6,10.666666666666666,6,0,6,4,11.25,8,0,10.8,1.4,1.74,1.0,0.6666666666666666,10,10.958333333333332
26,1,1,1,0,44,1,39,140.0,140.0,9003,1,1,1,0,0,6,0,0.0,6,0,6,0,0.0,7,0,8.9,1.4,3.51,0.0,0.0,0,0.0
20,1,1,1,0,1,2,1,126.0,122.5,9119,1,0,1,0,0,5,5,10.8,7,0,5,3,12.0,9,0,8.9,1.4,3.51,1.0,0.6,8,11.4
20,1,1,0,0,51,1,1,130.0,115.7,9147,1,0,1,0,0,5,5,11.0,7,0,5,3,10.0,7,0,8.9,1.4,3.51,1.0,0.6,8,10.5
20,1,1,1,0,1,1,1,140.0,166.0,9119,1,1,1,0,0,5,0,0.0,7,0,5,0,0.0,5,0,9.4,-0.8,-3.12,0.0,0.0,0,0.0
30,1,1,0,0,39,1,1,120.0,125.3,9500,1,1,1,0,0,7,4,14.4,12,0,7,6,13.5,9,0,12.4,0.5,1.79,0.5714285714285714,0.8571428571428571,10,13.95
21,1,1,0,0,17,1,1,115.0,109.1,9670,1,1,0,0,0,6,4,12.25,11,0,6,4,13.4,9,0,11.1,0.6,2.02,0.6666666666666666,0.6666666666666666,8,12.825
19,1,1,0,0,17,1,1,109.0,108.0,9670,1,0,1,0,0,5,0,0.0,10,0,5,0,0.0,5,0,7.6,2.6,0.32,0.0,0.0,0,0.0
25,0,4,0,0,39,1,1,160.0,130.0,9556,1,0,1,0,0,7,7,11.95,14,0,8,7,12.042857142857144,15,0,12.7,3.7,-1.7,1.0,0.875,14,11.996428571428572
26,0,2,0,0,39,2,1,110.0,112.8,9556,1,0,1,1,0,7,0,0.0,7,0,8,0,0.0,8,6,10.8,1.4,1.74,0.0,0.0,0,0.0
19,0,1,1,0,17,2,1,129.0,128.3,9147,1,0,1,0,0,5,3,11.0,10,0,5,4,11.75,9,0,12.7,3.7,-1.7,0.6,0.8,7,11.375
21,0,1,0,0,43,1,1,127.0,100.0,9085,1,0,1,0,0,6,4,11.75,11,0,6,3,13.666666666666666,12,0,13.9,-0.3,0.79,0.6666666666666666,0.5,7,12.708333333333332
21,0,1,1,0,1,1,1,138.0,123.0,9130,1,0,1,0,0,5,1,11.0,12,0,5,2,10.5,9,0,12.7,3.7,-1.7,0.2,0.4,3,10.75
26,0,1,0,0,39,1,1,130.0,120.0,9085,1,0,0,0,0,6,6,15.428571428571429,8,0,6,5,14.5,7,0,11.1,0.6,2.02,1.0,0.8333333333333334,11,14.964285714285715
20,0,1,1,0,1,1,1,131.0,122.0,9500,1,0,1,0,0,8,7,14.014285714285714,8,0,8,7,14.014285714285714,8,0,12.7,3.7,-1.7,0.875,0.875,14,14.014285714285714
18,0,1,1,0,17,2,1,118.0,110.7,9238,1,0,1,0,1,6,2,10.333333333333334,15,3,6,3,13.333333333333334,13,0,12.7,3.7,-1.7,0.3333333333333333,0.5,5,11.833333333333334
20,1,1,1,0,1,1,1,106.0,102.2,9500,1,1,1,0,0,7,7,12.401428571428571,7,0,8,6,11.808333333333332,10,0,11.1,0.6,2.02,1.0,0.75,13,12.104880952380952
23,1,1,0,0,44,1,39,120.0,120.0,9003,1,0,1,0,0,6,0,0.0,6,0,6,0,0.0,8,0,15.5,2.8,-4.06,0.0,0.0,0,0.0
20,1,1,0,0,44,1,39,130.0,130.0,9003,1,0,1,0,0,6,4,10.8,12,0,6,4,12.0,13,0,12.4,0.5,1.79,0.6666666666666666,0.6666666666666666,8,11.4
45,0,1,0,0,43,1,1,120.0,100.0,8014,0,0,1,0,0,9,8,11.0,13,0,7,6,10.833333333333334,10,0,12.7,3.7,-1.7,0.8888888888888888,0.8571428571428571,14,10.916666666666668
26,0,1,1,0,39,1,19,100.0,111.0,8014,0,0,1,1,0,6,3,12.333333333333334,10,0,6,3,11.666666666666666,14,0,7.6,2.6,0.32,0.5,0.5,6,12.0
25,0,1,0,0,39,1,1,130.0,130.1,9991,0,0,1,0,0,5,3,11.0,8,0,5,3,11.25,8,0,10.8,1.4,1.74,0.6,0.6,6,11.125
19,1,1,1,0,1,1,1,124.0,117.5,9500,1,0,1,0,0,8,5,12.858,10,3,8,5,12.858,10,3,9.4,-0.8,-3.12,0.625,0.625,10,12.858
19,0,1,0,0,1,4,1,126.0,120.2,9500,1,0,1,1,0,7,5,14.06,9,0,7,7,11.242857142857142,9,0,12.4,0.5,1.79,0.7142857142857143,1.0,12,12.651428571428571
18,0,1,1,0,17,2,1,141.0,136.1,171,1,0,1,1,0,0,0,0.0,0,0,0,0,0.0,0,0,12.7,3.7,-1.7,0.0,0.0,0,0.0
19,0,1,1,0,43,2,1,129.0,122.4,9670,1,0,1,0,0,5,4,13.75,5,0,6,5,12.6,9,0,12.7,3.7,-1.7,0.8,0.8333333333333334,9,13.175
23,0,1,1,0,43,1,1,119.0,105.0,9773,1,0,1,0,0,6,3,11.333333333333334,11,0,6,2,11.0,7,0,16.2,0.3,-0.92,0.5,0.3333333333333333,5,11.166666666666668
20,0,1,1,0,1,1,1,132.0,129.9,9238,1,0,1,0,0,6,5,13.2,7,0,6,6,12.666666666666666,6,0,10.8,1.4,1.74,0.8333333333333334,1.0,11,12.933333333333334
19,1,1,1,0,1,3,1,120.0,111.3,9670,1,0,1,0,0,5,3,11.333333333333334,7,0,5,4,11.0,7,0,9.4,-0.8,-3.12,0.6,0.8,7,11.166666666666668
29,1,4,0,0,39,1,1,130.0,127.6,9991,0,0,1,0,0,5,0,0.0,5,0,5,0,0.0,5,0,7.6,2.6,0.32,0.0,0.0,0,0.0
18,0,1,1,0,1,1,1,122.0,126.6,9670,1,0,1,0,0,6,6,14.625,8,0,6,6,14.142857142857142,9,0,11.1,0.6,2.02,1.0,1.0,12,14.383928571428571
19,0,1,1,0,1,3,1,126.0,120.1,9500,1,0,1,0,0,7,4,13.375,12,0,7,6,12.116666666666667,8,0,12.4,0.5,1.79,0.5714285714285714,0.8571428571428571,10,12.745833333333334
19,0,1,0,0,1,1,1,129.0,117.8,9147,1,0,1,1,0,5,4,11.0,6,0,5,4,13.857142857142858,9,0,10.8,1.4,1.74,0.8,0.8,8,12.428571428571429
18,0,1,1,0,43,1,1,127.0,117.6,9773,1,0,1,0,0,6,0,0.0,6,0,6,3,11.0,10,0,16.2,0.3,-0.92,0.0,0.5,3,5.5
19,0,1,1,0,17,1,1,115.0,109.1,9670,1,0,1,1,0,6,6,13.285714285714286,7,0,6,5,14.6,9,0,12.4,0.5,1.79,1.0,0.8333333333333334,11,13.942857142857143
19,0,1,1,0,1,5,1,125.0,120.3,9500,1,0,1,0,0,7,5,11.716666666666669,11,0,7,5,13.7,8,0,13.9,-0.3,0.79,0.7142857142857143,0.7142857142857143,10,12.708333333333334
18,0,1,1,0,1,2,1,129.0,136.4,9070,1,0,1,0,0,6,6,12.333333333333334,6,0,6,6,12.833333333333334,6,0,7.6,2.6,0.32,1.0,1.0,12,12.583333333333334
18,0,1,1,0,17,3,1,137.0,124.4,9147,1,0,1,0,0,5,5,12.6,5,0,5,4,11.0,5,0,11.1,0.6,2.02,1.0,0.8,9,11.8
34,0,2,0,0,39,1,1,150.0,120.0,9003,1,1,0,0,0,6,6,14.333333333333334,10,0,6,6,12.833333333333334,9,0,11.1,0.6,2.02,1.0,1.0,12,13.583333333333334
22,0,1,0,0,1,2,1,117.0,111.8,9670,1,0,1,0,0,5,3,12.0,8,0,5,2,11.0,9,1,7.6,2.6,0.32,0.6,0.4,5,11.5
50,0,2,0,0,39,2,1,140.0,108.0,9147,1,0,1,0,0,5,3,13.333333333333334,12,1,5,5,12.2,8,0,9.4,-0.8,-3.12,0.6,1.0,8,12.766666666666666
25,0,1,0,0,39,1,1,130.0,110.0,9085,1,0,1,1,0,6,3,11.666666666666666,13,0,6,2,11.333333333333334,14,0,11.1,0.6,2.02,0.5,0.3333333333333333,5,11.5
50,0,2,0,0,39,1,1,120.0,119.9,9991,0,0,1,0,0,5,2,10.5,9,0,5,3,11.0,7,0,12.7,3.7,-1.7,0.4,0.6,5,10.75
48,0,4,1,0,43,1,12,133.1,106.0,8014,0,0,1,0,0,6,5,13.0,9,0,6,4,12.5,10,0,7.6,2.6,0.32,0.8333333333333334,0.6666666666666666,9,12.75
41,0,2,0,0,39,1,1,110.0,140.0,9147,1,0,1,0,0,5,4,14.5,14,1,5,5,13.0,12,0,9.4,-0.8,-3.12,0.8,1.0,9,13.75
28,0,2,0,0,43,1,1,140.0,117.3,9991,0,0,1,0,0,10,6,10.666666666666666,15,0,10,9,11.333333333333334,17,1,7.6,2.6,0.32,0.6,0.9,15,11.0
53,0,1,0,0,51,1,1,160.0,118.0,9147,1,0,1,0,0,15,15,11.8,15,0,13,12,11.666666666666666,13,1,8.9,1.4,3.51,1.0,0.9230769230769231,27,11.733333333333334
49,0,1,0,0,39,1,1,120.0,106.8,8014,0,0,1,0,0,6,5,12.333333333333334,9,0,6,4,11.5,12,0,13.9,-0.3,0.79,0.8333333333333334,0.6666666666666666,9,11.916666666666668
22,0,1,1,0,43,1,1,122.0,114.3,9238,1,0,1,0,0,10,8,11.0,15,0,7,5,11.2,16,0,9.4,-0.8,-3.12,0.8,0.7142857142857143,13,11.1
40,0,1,0,0,39,1,1,120.0,147.8,9991,0,0,1,0,0,5,4,11.25,9,0,5,5,12.0,6,0,13.9,-0.3,0.79,0.8,1.0,9,11.625
36,0,2,0,0,43,1,2,120.0,120.0,9991,0,0,1,0,0,12,11,11.5,21,0,12,12,11.4375,22,0,9.4,-0.8,-3.12,0.9166666666666666,1.0,23,11.46875
48,0,6,0,0,39,1,1,133.1,119.0,8014,0,0,1,1,0,6,6,10.666666666666666,7,0,6,5,11.8,9,0,10.8,1.4,1.74,1.0,0.8333333333333334,11,11.233333333333334
34,0,1,0,0,39,1,1,155.0,117.5,8014,0,0,1,0,0,6,4,13.25,6,0,6,0,0.0,6,0,12.7,3.7,-1.7,0.6666666666666666,0.0,4,6.625
19,0,1,1,0,1,3,1,136.0,127.0,9500,1,0,1,0,0,8,1,13.67,10,7,8,1,13.67,10,7,9.4,-0.8,-3.12,0.125,0.125,2,13.67
34,0,2,0,0,39,1,1,110.0,127.1,9991,0,0,1,0,0,5,4,11.0,9,0,5,4,10.75,10,1,7.6,2.6,0.32,0.8,0.8,8,10.875
28,0,2,1,1,39,2,1,133.1,152.8,9556,1,0,1,0,0,7,7,12.428571428571429,9,0,8,8,12.3,8,0,12.4,0.5,1.79,1.0,1.0,15,12.364285714285714
35,0,2,0,0,39,2,1,100.0,100.0,9670,1,0,1,0,0,5,5,11.4,8,0,5,3,12.333333333333334,7,0,9.4,-0.8,-3.12,1.0,0.6,8,11.866666666666667
18,0,1,1,0,17,4,1,138.0,133.0,9500,1,0,1,0,0,8,0,0.0,8,5,8,0,0.0,8,5,9.4,-0.8,-3.12,0.0,0.0,0,0.0
18,0,1,0,0,5,1,1,150.0,139.4,9085,1,0,1,0,0,5,3,12.0,9,1,5,4,13.0,6,0,7.6,2.6,0.32,0.6,0.8,7,12.5
20,0,1,1,0,43,2,1,118.0,110.0,9853,1,0,1,0,0,6,4,12.25,10,0,6,4,11.5,8,0,10.8,1.4,1.74,0.6666666666666666,0.6666666666666666,8,11.875
18,0,1,1,0,1,2,1,137.0,125.1,9254,1,0,1,0,0,6,4,11.75,10,0,6,5,11.2,9,0,7.6,2.6,0.32,0.6666666666666666,0.8333333333333334,9,11.475
20,0,1,0,0,17,1,1,120.0,112.0,9147,1,0,1,0,0,5,4,11.0,10,0,5,4,11.5,7,0,15.5,2.8,-4.06,0.8,0.8,8,11.25
24,0,1,0,0,39,1,1,148.0,130.0,9500,1,0,1,0,0,8,7,12.714285714285714,12,0,8,7,12.714285714285714,12,0,12.7,3.7,-1.7,0.875,0.875,14,12.714285714285714
19,0,1,1,0,17,5,1,127.0,124.6,9147,1,0,1,1,0,5,2,10.0,12,0,5,4,11.75,11,0,11.1,0.6,2.02,0.4,0.8,6,10.875
18,0,1,1,0,1,4,1,137.0,139.8,9773,1,0,1,0,1,6,6,12.571428571428571,10,0,6,6,12.571428571428571,11,0,10.8,1.4,1.74,1.0,1.0,12,12.571428571428571
18,0,1,1,0,17,5,1,130.0,128.8,9500,1,0,1,0,0,7,6,13.39,8,0,8,7,12.757142857142856,10,0,11.1,0.6,2.02,0.8571428571428571,0.875,13,13.073571428571428
19,0,1,0,0,1,1,1,146.0,126.0,9085,1,0,1,0,0,5,3,12.333333333333334,7,0,5,4,10.25,7,0,7.6,2.6,0.32,0.6,0.8,7,11.291666666666668
19,0,1,1,0,42,1,1,139.0,112.3,9147,1,0,1,0,0,5,2,11.5,8,0,5,3,10.857142857142858,10,0,10.8,1.4,1.74,0.4,0.6,5,11.178571428571429
19,0,1,0,0,1,2,1,130.0,137.4,9773,1,0,1,0,0,6,6,15.0,6,0,6,6,14.0,7,0,15.5,2.8,-4.06,1.0,1.0,12,14.5
19,0,1,1,1,1,3,1,140.0,124.3,9500,1,0,1,0,0,7,5,12.32,9,0,7,5,11.9,9,0,12.4,0.5,1.79,0.7142857142857143,0.7142857142857143,10,12.11
20,1,1,1,0,1,3,1,121.0,111.9,9670,1,0,1,1,0,6,6,11.333333333333334,7,0,6,4,10.571428571428571,10,0,10.8,1.4,1.74,1.0,0.6666666666666666,10,10.952380952380953
33,1,1,1,0,39,1,1,130.0,149.0,9119,1,0,1,0,0,5,4,12.0,10,0,5,3,13.666666666666666,8,1,7.6,2.6,0.32,0.8,0.6,7,12.833333333333332
20,1,1,1,0,1,1,1,132.0,143.6,9670,1,0,1,0,0,6,5,12.8,8,0,6,5,11.6,10,0,13.9,-0.3,0.79,0.8333333333333334,0.8333333333333334,10,12.2
27,1,1,0,0,43,1,1,130.0,128.0,9119,1,1,0,0,0,5,0,0.0,5,0,5,0,0.0,7,0,13.9,-0.3,0.79,0.0,0.0,0,0.0
33,0,2,0,0,7,1,3,110.0,110.0,9147,1,0,1,0,0,8,6,12.833333333333334,10,0,5,4,12.0,8,0,11.1,0.6,2.02,0.75,0.8,10,12.416666666666668
20,0,1,1,0,17,1,1,128.0,128.4,9853,1,0,1,1,0,6,5,13.2,10,0,6,5,12.833333333333334,12,0,9.4,-0.8,-3.12,0.8333333333333334,0.8333333333333334,10,13.016666666666666
19,0,1,1,0,1,1,1,138.0,135.9,9238,1,0,1,0,0,6,5,11.6,11,0,6,6,11.666666666666666,11,0,7.6,2.6,0.32,0.8333333333333334,1.0,11,11.633333333333333
18,0,1,1,0,1,5,1,127.0,121.1,9773,1,0,1,0,0,6,6,13.166666666666666,6,0,6,6,12.5,6,0,15.5,2.8,-4.06,1.0,1.0,12,12.833333333333332
19,0,1,1,0,1,1,1,143.0,144.1,9670,1,0,1,0,0,6,5,12.6,7,0,6,5,12.375,10,0,10.8,1.4,1.74,0.8333333333333334,0.8333333333333334,10,12.4875
21,0,1,1,0,1,1,1,133.1,115.0,9085,1,0,1,0,0,5,3,11.333333333333334,8,1,5,3,13.333333333333334,8,0,12.7,3.7,-1.7,0.6,0.6,6,12.333333333333334
19,0,1,1,0,17,5,1,125.0,118.4,9670,1,0,1,1,0,5,3,10.5,8,0,5,4,11.75,6,1,7.6,2.6,0.32,0.6,0.8,7,11.125
21,0,1,1,0,17,1,1,126.0,116.9,9238,1,0,1,0,0,6,6,10.375,11,0,6,3,11.666666666666666,12,0,12.7,3.7,-1.7,1.0,0.5,9,11.020833333333332
21,0,1,1,0,1,6,1,122.0,119.6,9500,1,0,1,0,0,7,6,13.25,8,0,8,8,13.8375,8,0,13.9,-0.3,0.79,0.8571428571428571,1.0,14,13.54375
18,0,1,1,0,17,1,1,141.0,135.4,9500,1,0,1,0,0,7,7,12.50625,9,0,8,5,13.2,15,0,13.9,-0.3,0.79,1.0,0.625,12,12.853124999999999
19,0,1,1,0,1,1,1,129.0,126.9,9853,1,0,1,1,0,6,5,12.2,9,0,6,4,11.5,10,0,7.6,2.6,0.32,0.8333333333333334,0.6666666666666666,9,11.85
20,0,1,0,0,1,5,1,101.0,102.4,9500,1,0,1,0,0,7,5,12.04,9,0,7,6,11.77142857142857,9,0,12.4,0.5,1.79,0.7142857142857143,0.8571428571428571,11,11.905714285714286
20,0,1,0,0,17,3,1,125.0,125.7,9147,1,0,1,0,0,5,5,11.166666666666666,7,0,5,4,10.75,9,0,15.5,2.8,-4.06,1.0,0.8,9,10.958333333333332
20,0,1,1,0,1,1,1,117.0,109.3,9130,1,0,1,0,0,5,4,12.5,10,0,5,2,13.0,12,0,12.7,3.7,-1.7,0.8,0.4,6,12.75
18,0,1,1,0,1,5,1,125.0,115.6,9500,1,0,1,0,0,7,6,12.183333333333332,9,0,7,6,11.783333333333331,9,0,16.2,0.3,-0.92,0.8571428571428571,0.8571428571428571,12,11.98333333333333
18,0,1,0,0,1,2,1,130.0,117.8,9147,1,0,1,0,0,5,2,10.0,8,0,5,3,11.333333333333334,9,0,7.6,2.6,0.32,0.4,0.6,5,10.666666666666668
21,1,1,1,0,17,1,1,121.0,123.1,9254,1,0,1,0,0,6,6,11.166666666666666,11,0,6,3,14.666666666666666,14,0,7.6,2.6,0.32,1.0,0.5,9,12.916666666666666
20,1,1,1,0,43,1,1,135.0,122.8,9070,1,0,1,1,0,6,3,11.0,8,0,6,2,11.333333333333334,8,0,10.8,1.4,1.74,0.5,0.3333333333333333,5,11.166666666666668
19,0,1,1,0,17,5,1,131.0,120.2,9238,1,0,1,1,0,6,5,11.333333333333334,9,0,6,6,10.833333333333334,6,0,13.9,-0.3,0.79,0.8333333333333334,1.0,11,11.083333333333334
19,1,1,1,0,43,1,1,140.0,125.7,9500,1,0,1,1,0,7,5,11.2,8,0,7,5,11.2,8,0,7.6,2.6,0.32,0.7142857142857143,0.7142857142857143,10,11.2
28,1,1,1,0,39,1,1,130.0,137.0,9119,1,0,1,0,0,5,4,10.5,11,0,5,4,11.0,12,4,7.6,2.6,0.32,0.8,0.8,8,10.75
21,1,1,0,0,1,2,1,122.0,116.4,9147,1,0,1,0,0,5,3,11.25,10,0,5,3,11.0,9,0,15.5,2.8,-4.06,0.6,0.6,6,11.125
24,1,1,0,0,51,1,1,120.0,128.2,9991,0,1,1,0,0,10,7,10.714285714285714,15,0,10,9,12.555555555555555,11,0,12.4,0.5,1.79,0.7,0.9,16,11.634920634920634
23,1,1,1,0,42,1,1,140.0,140.0,9003,1,0,1,0,0,6,5,12.0,14,0,6,5,12.142857142857142,12,0,15.5,2.8,-4.06,0.8333333333333334,0.8333333333333334,10,12.071428571428571
20,1,1,1,0,1,1,1,127.0,122.8,9773,1,0,1,0,0,6,6,12.166666666666666,7,0,6,3,12.0,9,0,12.4,0.5,1.79,1.0,0.5,9,12.083333333333332
18,1,1,1,0,1,1,1,124.0,118.4,171,1,0,1,0,0,0,0,0.0,0,0,0,0,0.0,0,0,7.6,2.6,0.32,0.0,0.0,0,0.0
23,0,1,0,0,43,1,1,148.0,134.7,8014,0,0,1,0,0,13,9,11.0,15,0,11,7,11.571428571428571,12,0,15.5,2.8,-4.06,0.6923076923076923,0.6363636363636364,16,11.285714285714285
23,0,1,1,0,44,1,39,150.0,150.0,9085,1,0,1,0,0,6,4,11.5,11,0,6,4,12.2,12,0,8.9,1.4,3.51,0.6666666666666666,0.6666666666666666,8,11.85
39,0,2,0,0,39,1,1,130.0,142.5,9147,1,0,1,0,0,5,4,11.25,8,0,5,4,11.5,8,0,11.1,0.6,2.02,0.8,0.8,8,11.375
22,0,1,1,0,1,1,1,113.0,110.2,9670,1,0,1,0,0,5,3,12.666666666666666,7,0,5,4,12.0,6,0,7.6,2.6,0.32,0.6,0.8,7,12.333333333333332
30,0,4,0,0,39,1,1,133.1,130.4,9991,0,0,1,0,0,5,3,10.666666666666666,10,0,5,5,10.4,8,0,12.7,3.7,-1.7,0.6,1.0,8,10.533333333333333
35,0,2,0,0,39,1,39,140.0,110.0,9991,0,0,1,1,0,5,3,11.666666666666666,9,0,5,5,11.8,7,0,12.7,3.7,-1.7,0.6,1.0,8,11.733333333333334
26,0,1,1,0,43,1,1,120.0,120.0,9500,1,0,1,0,0,7,6,12.0,8,0,7,6,12.0,8,0,7.6,2.6,0.32,0.8571428571428571,0.8571428571428571,12,12.0
30,0,2,0,0,53,1,42,130.0,132.4,9147,1,0,1,0,0,11,9,12.22222222222222,20,0,9,9,11.6,16,0,8.9,1.4,3.51,0.8181818181818182,1.0,18,11.91111111111111
25,1,2,0,0,39,1,1,162.0,132.0,9991,0,1,1,0,0,5,4,11.0,8,0,5,4,12.0,7,0,7.6,2.6,0.32,0.8,0.8,8,11.5
18,0,1,1,0,17,3,1,132.0,130.8,9500,1,0,1,0,0,8,7,13.68142857142857,8,0,8,7,13.68142857142857,8,0,10.8,1.4,1.74,0.875,0.875,14,13.68142857142857
23,0,1,0,0,43,1,1,133.1,114.5,9500,1,0,1,0,0,7,6,12.1,11,0,7,6,12.616666666666667,7,0,16.2,0.3,-0.92,0.8571428571428571,0.8571428571428571,12,12.358333333333334
18,0,1,1,0,17,2,1,126.0,126.2,9500,1,0,1,1,0,7,5,11.94,10,0,7,6,12.8,8,0,11.1,0.6,2.02,0.7142857142857143,0.8571428571428571,11,12.370000000000001
31,0,1,0,0,51,1,12,133.1,106.6,9070,1,1,1,0,0,6,5,11.0,8,0,6,6,10.166666666666666,12,0,8.9,1.4,3.51,0.8333333333333334,1.0,11,10.583333333333332
20,1,1,0,0,1,1,1,120.0,118.3,9254,1,0,1,0,0,6,6,12.857142857142858,8,0,6,5,12.4,9,0,8.9,1.4,3.51,1.0,0.8333333333333334,11,12.62857142857143
19,1,1,0,0,1,1,1,123.0,118.8,171,1,0,1,0,0,10,5,11.0,10,0,7,2,10.0,8,0,8.9,1.4,3.51,0.5,0.2857142857142857,7,10.5
34,1,5,0,0,39,1,1,120.0,116.0,9119,1,1,1,1,0,5,1,17.0,14,0,5,2,11.0,10,0,9.4,-0.8,-3.12,0.2,0.4,3,14.0
21,1,1,0,0,17,1,1,110.0,99.0,9147,1,0,1,0,0,5,5,11.0,5,0,5,3,11.428571428571429,11,0,10.8,1.4,1.74,1.0,0.6,8,11.214285714285715
21,1,1,1,0,17,4,1,129.0,132.5,9773,1,0,1,0,0,6,0,0.0,7,0,6,1,10.0,11,0,10.8,1.4,1.74,0.0,0.16666666666666666,1,5.0
24,1,1,0,0,17,1,1,140.0,133.4,9670,1,0,1,0,0,6,4,11.25,6,0,6,4,10.428571428571429,9,0,10.8,1.4,1.74,0.6666666666666666,0.6666666666666666,8,10.839285714285715
20,1,1,0,0,17,1,1,138.0,123.0,9670,1,1,0,0,0,6,5,12.4,7,0,6,4,13.0,8,0,13.9,-0.3,0.79,0.8333333333333334,0.6666666666666666,9,12.7
19,1,1,0,0,1,1,1,160.0,153.7,9119,1,0,1,0,0,5,1,13.0,7,0,5,2,10.0,7,0,9.4,-0.8,-3.12,0.2,0.4,3,11.5
26,1,1,1,0,1,1,1,123.0,127.6,8014,0,0,1,0,0,6,6,11.833333333333334,6,0,6,6,11.666666666666666,6,0,10.8,1.4,1.74,1.0,1.0,12,11.75
20,1,1,0,0,44,1,39,130.0,130.0,9119,1,0,1,0,0,5,1,13.0,12,0,5,3,12.6,8,0,12.4,0.5,1.79,0.2,0.6,4,12.8
21,0,1,1,0,1,1,1,143.0,135.0,9147,1,0,1,0,0,5,4,11.0,8,0,5,5,12.0,8,0,7.6,2.6,0.32,0.8,1.0,9,11.5
26,1,1,0,0,1,1,1,122.0,113.6,9991,0,0,1,0,0,5,2,11.5,11,0,5,3,12.0,10,0,7.6,2.6,0.32,0.4,0.6,5,11.75
19,0,1,1,0,1,6,1,145.0,132.3,9500,1,0,1,1,0,8,7,14.06,8,0,8,7,14.06,8,0,10.8,1.4,1.74,0.875,0.875,14,14.06
19,0,2,0,0,1,1,1,137.0,124.4,9147,1,0,1,0,0,5,4,11.25,6,0,5,3,11.714285714285714,10,0,10.8,1.4,1.74,0.8,0.6,7,11.482142857142858
19,0,1,1,0,1,1,1,127.0,122.8,9085,1,0,1,0,0,5,2,14.5,10,1,5,3,11.333333333333334,9,0,12.7,3.7,-1.7,0.4,0.6,5,12.916666666666668
21,0,1,0,0,43,1,1,109.0,108.3,9238,1,0,1,1,0,6,2,10.5,15,0,6,5,12.4,8,0,10.8,1.4,1.74,0.3333333333333333,0.8333333333333334,7,11.45
19,0,1,1,0,1,2,1,129.0,118.9,9147,1,0,1,0,0,5,4,12.8,8,0,5,3,14.5,10,0,10.8,1.4,1.74,0.8,0.6,7,13.65
18,0,1,0,0,43,1,1,131.0,126.1,9147,1,0,1,0,0,5,0,0.0,5,0,5,4,13.25,9,2,16.2,0.3,-0.92,0.0,0.8,4,6.625
20,0,1,0,0,1,1,1,126.0,125.7,9670,1,0,1,0,0,6,6,13.571428571428571,9,0,6,5,13.6,10,0,15.5,2.8,-4.06,1.0,0.8333333333333334,11,13.585714285714285
32,0,2,0,0,43,1,1,134.0,113.7,9991,0,0,1,0,0,5,5,10.2,5,0,5,4,11.25,9,0,9.4,-0.8,-3.12,1.0,0.8,9,10.725
19,0,1,1,0,16,3,1,134.0,121.1,9853,1,0,1,0,0,6,5,12.2,8,0,6,5,11.8,8,0,10.8,1.4,1.74,0.8333333333333334,0.8333333333333334,10,12.0
19,0,1,1,0,5,1,1,135.0,140.3,9670,1,0,1,0,0,6,6,13.428571428571429,7,0,6,4,14.0,6,0,12.4,0.5,1.79,1.0,0.6666666666666666,10,13.714285714285715
18,0,1,0,0,17,1,1,139.0,133.4,9147,1,0,1,0,0,5,1,11.0,9,1,5,0,0.0,10,0,9.4,-0.8,-3.12,0.2,0.0,1,5.5
20,0,1,1,0,17,6,1,136.0,125.7,9500,1,0,1,0,0,7,6,13.548333333333334,8,0,8,6,14.775,11,0,11.1,0.6,2.02,0.8571428571428571,0.75,12,14.161666666666667
19,0,1,0,0,1,1,1,143.0,144.8,9773,1,0,1,0,0,6,6,12.166666666666666,6,0,6,6,12.5,6,0,16.2,0.3,-0.92,1.0,1.0,12,12.333333333333332
24,0,1,1,0,18,1,1,100.0,101.8,9147,1,0,1,0,0,5,5,10.8,5,0,5,2,11.0,11,0,10.8,1.4,1.74,1.0,0.4,7,10.9
29,0,1,1,0,43,1,1,120.0,122.5,9991,0,0,1,0,0,13,8,10.5,16,0,12,9,10.333333333333334,19,0,9.4,-0.8,-3.12,0.6153846153846154,0.75,17,10.416666666666668
19,0,1,0,0,17,1,1,133.0,119.0,9556,1,0,1,0,0,7,6,11.15,10,0,7,7,12.814285714285717,7,0,12.7,3.7,-1.7,0.8571428571428571,1.0,13,11.982142857142858
19,0,1,0,0,1,1,1,120.0,115.1,9670,1,0,1,0,0,6,3,11.666666666666666,8,0,6,5,13.625,11,0,10.8,1.4,1.74,0.5,0.8333333333333334,8,12.645833333333332
24,0,1,0,0,39,1,1,130.0,151.6,9991,0,0,1,0,0,5,5,12.285714285714286,9,0,5,5,12.125,8,0,16.2,0.3,-0.92,1.0,1.0,10,12.205357142857142
28,0,1,0,0,39,1,1,133.1,121.4,9500,1,1,1,0,0,7,4,13.375,12,0,7,5,13.5,7,0,13.9,-0.3,0.79,0.5714285714285714,0.7142857142857143,9,13.4375
38,0,4,0,0,43,1,1,130.0,103.7,9500,1,0,1,0,0,8,5,13.126,12,1,8,5,13.126,12,1,10.8,1.4,1.74,0.625,0.625,10,13.126
19,0,1,1,0,1,1,1,160.0,146.0,9853,1,0,1,0,0,6,3,10.333333333333334,11,0,6,5,11.8,10,0,9.4,-0.8,-3.12,0.5,0.8333333333333334,8,11.066666666666666
20,0,1,1,0,1,1,1,124.0,128.6,9147,1,0,1,0,0,5,4,12.0,5,0,4,2,11.5,4,0,7.6,2.6,0.32,0.8,0.5,6,11.75
29,0,1,0,0,1,1,1,140.0,124.6,9991,0,0,1,0,0,5,5,11.4,11,0,5,4,10.25,10,0,15.5,2.8,-4.06,1.0,0.8,9,10.825
19,0,1,1,0,1,5,1,135.0,124.0,9500,1,0,1,1,0,8,7,12.771428571428572,8,1,8,7,12.771428571428572,8,1,9.4,-0.8,-3.12,0.875,0.875,14,12.771428571428572
28,1,1,0,0,39,1,1,160.0,124.0,9238,1,1,1,0,0,8,7,11.0,15,0,6,1,10.0,17,0,10.8,1.4,1.74,0.875,0.16666666666666666,8,10.5
27,1,1,0,0,39,1,1,160.0,140.0,9003,1,0,1,0,0,6,0,0.0,6,0,6,0,0.0,6,0,11.1,0.6,2.02,0.0,0.0,0,0.0
18,1,1,1,0,1,1,1,130.0,119.5,9147,1,0,1,1,0,5,4,11.25,7,0,5,4,12.25,6,0,12.4,0.5,1.79,0.8,0.8,8,11.75
20,1,1,0,0,44,1,39,140.0,140.0,9130,1,0,1,0,0,6,5,12.4,12,0,6,2,15.0,11,0,13.9,-0.3,0.79,0.8333333333333334,0.3333333333333333,7,13.7
23,1,1,1,0,43,1,1,121.0,121.0,9773,1,0,1,0,0,6,1,13.0,15,0,6,4,11.25,8,0,9.4,-0.8,-3.12,0.16666666666666666,0.6666666666666666,5,12.125
21,1,1,0,0,43,4,1,117.0,113.2,9670,1,0,1,0,0,5,2,10.0,11,0,5,3,10.333333333333334,10,0,9.4,-0.8,-3.12,0.4,0.6,5,10.166666666666668
34,1,2,0,0,39,1,1,150.0,146.0,9991,0,0,1,0,0,5,5,14.2,5,0,5,5,14.6,5,0,12.7,3.7,-1.7,1.0,1.0,10,14.399999999999999
20,1,1,0,0,1,1,1,118.0,115.7,9500,1,0,1,0,0,7,5,12.7,9,0,8,7,13.475,9,0,13.9,-0.3,0.79,0.7142857142857143,0.875,12,13.087499999999999
24,1,1,1,0,42,1,39,120.0,128.2,9003,1,0,1,0,0,9,8,13.333333333333334,13,0,10,9,13.11111111111111,12,0,16.2,0.3,-0.92,0.8888888888888888,0.9,17,13.222222222222221
39,1,1,0,0,39,1,1,100.0,140.0,9991,0,0,1,0,0,5,4,12.25,7,0,5,4,12.75,7,0,15.5,2.8,-4.06,0.8,0.8,8,12.5
19,1,1,0,0,17,1,1,120.0,122.5,9085,1,0,0,0,0,6,5,13.6,11,0,6,5,13.666666666666666,11,0,11.1,0.6,2.02,0.8333333333333334,0.8333333333333334,10,13.633333333333333
38,1,1,0,0,39,1,12,133.1,121.5,9991,0,0,1,0,0,5,2,10.5,11,0,5,3,11.333333333333334,9,1,7.6,2.6,0.32,0.4,0.6,5,10.916666666666668
21,1,1,1,0,1,1,1,135.0,135.4,9500,1,0,1,0,0,7,6,12.565,9,0,8,5,12.16,12,0,11.1,0.6,2.02,0.8571428571428571,0.625,11,12.3625
19,1,1,0,0,17,1,1,123.0,122.0,9670,1,1,1,0,0,6,6,13.166666666666666,7,0,6,5,13.2,9,0,8.9,1.4,3.51,1.0,0.8333333333333334,11,13.183333333333334
25,1,1,1,0,39,1,12,133.1,119.3,9254,1,0,1,0,0,6,6,11.166666666666666,7,0,6,4,11.8,11,0,9.4,-0.8,-3.12,1.0,0.6666666666666666,10,11.483333333333334
19,1,1,1,0,1,4,1,140.0,125.0,9070,1,0,1,0,0,6,6,12.666666666666666,7,0,6,6,12.142857142857142,8,0,9.4,-0.8,-3.12,1.0,1.0,12,12.404761904761905
33,1,2,0,0,39,1,19,133.1,100.0,9500,1,0,1,0,0,7,5,13.06,7,0,7,0,0.0,9,0,16.2,0.3,-0.92,0.7142857142857143,0.0,5,6.53
18,1,1,1,0,1,2,1,140.0,125.7,9119,1,0,1,0,0,5,0,0.0,5,0,5,0,0.0,5,0,9.4,-0.8,-3.12,0.0,0.0,0,0.0
19,1,1,1,0,17,6,1,120.0,115.5,9147,1,1,0,0,0,5,4,12.5,8,0,5,5,10.5,9,0,8.9,1.4,3.51,0.8,1.0,9,11.5
19,1,1,1,0,1,3,1,124.0,116.7,9147,1,0,1,0,0,5,0,0.0,6,0,5,0,0.0,6,0,7.6,2.6,0.32,0.0,0.0,0,0.0
18,1,1,1,0,17,3,1,132.0,125.5,9500,1,0,1,0,0,8,7,13.154285714285717,8,0,8,7,13.154285714285717,8,0,10.8,1.4,1.74,0.875,0.875,14,13.154285714285717
19,1,1,0,0,1,1,1,130.0,117.6,9130,1,0,1,0,0,5,2,11.5,14,2,5,5,11.4,8,3,9.4,-0.8,-3.12,0.4,1.0,7,11.45
22,1,1,0,0,44,1,39,150.0,150.0,9003,1,0,1,0,0,6,3,13.333333333333334,12,0,6,3,12.75,12,0,15.5,2.8,-4.06,0.5,0.5,6,13.041666666666668
18,1,1,1,0,17,3,1,135.0,121.7,9119,1,0,1,0,0,5,5,11.8,7,0,5,3,12.0,9,0,8.9,1.4,3.51,1.0,0.6,8,11.9
22,1,1,0,0,43,1,1,144.0,121.6,171,1,0,1,0,0,0,0,0.0,0,0,0,0,0.0,0,0,13.9,-0.3,0.79,0.0,0.0,0,0.0
19,1,1,0,0,1,1,1,133.1,117.0,171,1,1,1,0,0,0,0,0.0,0,0,0,0,0.0,0,0,15.5,2.8,-4.06,0.0,0.0,0,0.0
19,1,1,1,0,44,1,39,130.0,130.0,9119,1,0,1,0,0,5,2,12.5,9,0,5,3,11.6,10,0,12.4,0.5,1.79,0.4,0.6,5,12.05
24,1,1,0,1,15,1,1,133.1,100.0,9119,1,1,1,0,0,8,7,13.142857142857142,8,0,6,6,11.833333333333334,8,0,8.9,1.4,3.51,0.875,1.0,13,12.488095238095237
18,1,1,0,0,1,1,1,148.0,129.8,9119,1,0,0,1,0,5,5,15.0,6,0,5,5,14.2,6,0,8.9,1.4,3.51,1.0,1.0,10,14.6
20,0,1,0,0,1,1,1,135.0,121.0,9238,1,0,1,0,0,6,1,10.0,13,0,6,1,13.0,13,0,9.4,-0.8,-3.12,0.16666666666666666,0.16666666666666666,2,11.5
18,0,1,1,0,1,6,1,145.0,131.0,9773,1,0,1,1,0,6,6,12.166666666666666,6,0,6,5,11.2,10,0,7.6,2.6,0.32,1.0,0.8333333333333334,11,11.683333333333334
21,0,1,1,0,44,1,39,140.0,136.1,9238,1,1,1,0,0,6,3,12.0,8,0,6,2,12.5,6,0,12.4,0.5,1.79,0.5,0.3333333333333333,5,12.25
33,0,4,0,0,39,1,19,133.1,108.0,9853,1,1,0,0,0,7,7,12.857142857142858,7,0,7,6,12.666666666666666,8,0,8.9,1.4,3.51,1.0,0.8571428571428571,13,12.761904761904763
26,0,1,1,0,39,1,1,133.1,144.9,9085,1,0,1,0,0,6,3,11.75,11,0,6,4,12.8,19,0,12.4,0.5,1.79,0.5,0.6666666666666666,7,12.275
21,0,1,0,0,43,1,39,110.0,110.0,9670,1,0,1,0,0,6,5,11.833333333333334,8,0,6,4,13.25,8,2,16.2,0.3,-0.92,0.8333333333333334,0.6666666666666666,9,12.541666666666668
20,0,1,1,0,44,1,39,140.0,140.0,9085,1,0,1,0,0,6,6,12.555555555555555,13,0,6,5,11.8,11,0,16.2,0.3,-0.92,1.0,0.8333333333333334,11,12.177777777777777
20,0,1,0,0,44,1,39,150.0,150.0,9085,1,0,1,0,0,5,2,14.5,10,1,5,4,11.25,7,0,12.7,3.7,-1.7,0.4,0.8,6,12.875
43,1,1,0,0,39,1,19,133.1,140.0,9003,1,0,1,0,0,6,6,12.875,8,0,6,5,12.142857142857142,14,0,16.2,0.3,-0.92,1.0,0.8333333333333334,11,12.508928571428571
26,1,5,0,0,39,1,1,133.1,119.8,9147,1,0,1,0,0,5,5,12.0,9,0,5,5,10.2,5,0,11.1,0.6,2.02,1.0,1.0,10,11.1
33,1,1,1,0,43,1,1,130.0,130.0,9130,1,0,1,0,0,5,1,13.0,12,2,5,3,14.0,7,0,9.4,-0.8,-3.12,0.2,0.6,4,13.5
19,1,1,0,0,17,1,1,119.0,125.0,9254,1,0,1,0,0,6,5,10.8,7,0,6,2,10.5,10,0,10.8,1.4,1.74,0.8333333333333334,0.3333333333333333,7,10.65
18,1,1,1,0,17,3,1,131.0,120.2,9070,1,0,1,0,0,6,6,12.833333333333334,6,0,6,5,11.4,8,0,15.5,2.8,-4.06,1.0,0.8333333333333334,11,12.116666666666667
21,1,1,0,0,1,1,1,120.0,111.6,9147,1,1,1,1,0,5,5,12.6,5,0,5,3,12.833333333333334,9,0,10.8,1.4,1.74,1.0,0.6,8,12.716666666666667
20,1,1,1,0,1,2,1,116.0,124.8,9147,1,0,1,0,0,5,2,14.333333333333334,9,0,5,2,12.5,10,0,7.6,2.6,0.32,0.4,0.4,4,13.416666666666668
19,1,1,0,0,44,1,1,120.0,120.0,9003,1,0,1,0,0,6,1,11.0,17,0,6,0,0.0,19,0,16.2,0.3,-0.92,0.16666666666666666,0.0,1,5.5
24,1,1,0,0,39,1,1,130.0,134.0,9119,1,0,1,1,0,5,5,11.833333333333334,8,0,5,4,14.0,8,0,12.7,3.7,-1.7,1.0,0.8,9,12.916666666666668
21,1,1,0,0,1,1,1,133.1,125.0,9254,1,0,1,0,0,6,5,11.333333333333334,10,0,6,2,11.5,14,0,12.7,3.7,-1.7,0.8333333333333334,0.3333333333333333,7,11.416666666666668
28,1,1,0,0,39,1,1,133.1,123.0,9119,1,0,1,1,0,5,3,14.333333333333334,16,0,5,5,12.428571428571429,9,0,9.4,-0.8,-3.12,0.6,1.0,8,13.380952380952381
28,0,1,0,0,51,1,40,120.0,125.0,9085,1,0,1,0,0,6,6,14.428571428571429,8,0,6,4,15.6,12,0,11.1,0.6,2.02,1.0,0.6666666666666666,10,15.014285714285714
20,0,1,1,0,44,1,1,130.0,130.0,9085,1,0,1,0,0,6,5,11.8,13,0,6,4,12.0,19,0,12.4,0.5,1.79,0.8333333333333334,0.6666666666666666,9,11.9
23,0,1,1,0,1,3,1,122.0,112.6,9853,1,0,1,0,0,6,5,13.6,8,0,6,5,11.6,8,0,7.6,2.6,0.32,0.8333333333333334,0.8333333333333334,10,12.6
23,0,1,1,0,44,1,39,160.0,160.0,9085,1,0,1,0,0,6,4,13.4,12,0,6,2,13.5,17,0,12.4,0.5,1.79,0.6666666666666666,0.3333333333333333,6,13.45
25,0,1,0,0,43,1,1,126.0,100.0,9556,1,0,1,0,0,7,3,13.0,10,0,8,3,11.666666666666666,10,4,10.8,1.4,1.74,0.42857142857142855,0.375,6,12.333333333333332
19,0,1,1,0,1,2,1,106.0,106.4,9500,1,0,1,1,0,7,5,13.34,9,0,7,6,12.385714285714286,9,0,12.4,0.5,1.79,0.7142857142857143,0.8571428571428571,11,12.862857142857143
20,1,1,0,0,44,1,39,150.0,150.0,9003,1,0,1,1,0,6,3,12.0,18,0,6,3,11.666666666666666,17,0,15.5,2.8,-4.06,0.5,0.5,6,11.833333333333332
19,1,1,0,0,44,1,39,130.0,130.0,9003,1,0,1,0,0,6,5,11.5,8,0,6,6,11.333333333333334,11,0,12.4,0.5,1.79,0.8333333333333334,1.0,11,11.416666666666668
18,0,1,1,0,43,1,1,125.0,123.6,9500,1,0,1,1,0,7,5,12.86,8,0,7,5,12.86,8,0,7.6,2.6,0.32,0.7142857142857143,0.7142857142857143,10,12.86
18,0,1,1,0,1,3,1,131.0,126.1,9500,1,0,1,0,0,7,7,12.59125,8,0,8,7,12.820000000000002,11,0,15.5,2.8,-4.06,1.0,0.875,14,12.705625000000001
22,1,1,1,0,44,1,39,140.0,120.0,9003,1,0,1,0,0,6,5,13.0,13,0,6,2,11.5,13,0,12.4,0.5,1.79,0.8333333333333334,0.3333333333333333,7,12.25
18,1,1,1,0,1,1,1,142.0,129.8,9119,1,0,1,0,0,5,0,0.0,5,0,5,1,15.0,6,0,10.8,1.4,1.74,0.0,0.2,1,7.5
19,1,1,1,0,17,1,1,128.0,135.7,9670,1,0,1,0,0,6,5,13.2,7,0,6,5,13.25,10,0,10.8,1.4,1.74,0.8333333333333334,0.8333333333333334,10,13.225
34,1,1,1,0,43,1,1,100.0,108.0,9070,1,0,1,0,0,12,7,11.428571428571429,12,0,12,7,11.857142857142858,12,0,7.6,2.6,0.32,0.5833333333333334,0.5833333333333334,14,11.642857142857142
19,1,1,0,0,1,1,1,125.0,122.9,9254,1,0,1,1,0,6,6,11.166666666666666,7,0,6,3,11.666666666666666,12,0,10.8,1.4,1.74,1.0,0.5,9,11.416666666666666
20,1,1,0,0,1,1,1,125.0,118.7,9238,1,0,1,0,0,6,4,11.75,12,0,6,3,11.333333333333334,13,0,15.5,2.8,-4.06,0.6666666666666666,0.5,7,11.541666666666668
20,0,1,1,0,1,1,1,128.0,120.0,9254,1,0,1,1,0,6,6,14.5,6,0,6,5,15.0,7,0,12.4,0.5,1.79,1.0,0.8333333333333334,11,14.75
19,0,1,0,0,1,1,1,108.0,107.3,9238,1,0,1,1,1,6,4,10.4,12,0,6,4,10.75,11,0,12.4,0.5,1.79,0.6666666666666666,0.6666666666666666,8,10.575
21,0,1,1,0,18,1,1,133.1,106.0,9853,1,1,1,0,0,7,7,13.0,7,0,7,6,12.5,8,0,8.9,1.4,3.51,1.0,0.8571428571428571,13,12.75
18,0,1,1,0,1,4,1,130.0,124.1,9670,1,0,1,0,0,6,6,14.166666666666666,6,0,6,6,13.428571428571429,7,0,8.9,1.4,3.51,1.0,1.0,12,13.797619047619047
21,0,1,1,1,1,6,1,120.0,114.8,9500,1,0,1,0,0,7,4,13.25,11,0,7,5,13.82,9,0,11.1,0.6,2.02,0.5714285714285714,0.7142857142857143,9,13.535
22,1,1,1,0,17,5,1,125.0,122.6,9070,1,0,1,0,0,6,1,11.0,6,0,6,0,0.0,6,0,9.4,-0.8,-3.12,0.16666666666666666,0.0,1,5.5
33,0,2,0,0,7,1,3,120.0,120.0,9147,1,0,1,0,0,8,5,12.6,9,2,7,5,11.25,13,0,10.8,1.4,1.74,0.625,0.7142857142857143,10,11.925
20,0,1,1,0,17,3,1,127.0,123.5,9254,1,0,1,1,0,6,4,11.5,11,0,6,3,11.0,12,0,7.6,2.6,0.32,0.6666666666666666,0.5,7,11.25
35,0,2,0,0,39,1,1,140.0,131.8,9147,1,0,1,0,0,5,4,14.2,6,0,5,4,11.857142857142858,10,0,10.8,1.4,1.74,0.8,0.8,8,13.028571428571428
22,0,1,1,0,1,1,1,157.0,136.7,9238,1,0,1,0,0,6,4,12.5,11,1,6,3,13.666666666666666,13,0,9.4,-0.8,-3.12,0.6666666666666666,0.5,7,13.083333333333332
20,0,1,1,0,17,1,1,144.0,130.7,9773,1,0,1,0,0,6,6,11.666666666666666,9,0,6,5,11.6,8,0,7.6,2.6,0.32,1.0,0.8333333333333334,11,11.633333333333333
20,0,1,1,0,1,1,1,119.0,119.7,9670,1,0,1,0,0,5,3,13.0,6,0,5,3,13.0,7,1,7.6,2.6,0.32,0.6,0.6,6,13.0
21,1,1,1,0,1,1,1,125.0,136.2,171,1,1,1,0,0,12,11,11.545454545454543,12,0,11,9,11.7,18,1,8.9,1.4,3.51,0.9166666666666666,0.8181818181818182,20,11.622727272727271
23,1,1,1,1,43,1,1,127.0,124.2,9147,1,0,1,0,0,5,1,10.0,6,0,5,0,0.0,5,0,15.5,2.8,-4.06,0.2,0.0,1,5.0
24,0,1,1,0,39,1,1,140.0,135.4,9003,1,0,1,0,0,6,5,11.8,10,0,6,4,11.25,13,0,12.4,0.5,1.79,0.8333333333333334,0.6666666666666666,9,11.525
19,0,1,0,0,1,1,1,126.0,115.2,9147,1,1,1,0,0,5,1,10.0,13,0,5,2,10.0,8,0,12.4,0.5,1.79,0.2,0.4,3,10.0
19,0,1,0,0,1,1,1,123.0,125.1,9254,1,0,1,0,0,6,4,11.0,12,0,6,4,12.5,6,0,16.2,0.3,-0.92,0.6666666666666666,0.6666666666666666,8,11.75
22,0,1,1,0,1,3,1,121.0,125.9,9254,1,0,1,0,0,6,4,10.0,10,0,6,2,13.5,12,0,9.4,-0.8,-3.12,0.6666666666666666,0.3333333333333333,6,11.75
36,0,2,0,0,39,1,1,120.0,124.6,9147,1,0,1,0,0,5,3,11.0,8,0,5,4,13.375,12,0,10.8,1.4,1.74,0.6,0.8,7,12.1875
20,0,1,0,0,1,1,1,103.0,108.3,9500,1,0,1,1,0,7,0,0.0,14,0,7,0,0.0,15,0,11.1,0.6,2.02,0.0,0.0,0,0.0
40,0,4,0,0,39,1,38,133.1,133.0,9773,1,0,1,0,0,6,5,13.0,8,0,6,5,12.6,7,0,16.2,0.3,-0.92,0.8333333333333334,0.8333333333333334,10,12.8
19,0,1,1,0,5,1,1,126.0,117.3,9147,1,0,1,0,0,5,3,10.8,15,0,5,3,10.5,6,0,13.9,-0.3,0.79,0.6,0.6,6,10.65
20,0,1,0,1,15,1,1,114.0,114.0,9556,1,0,1,0,0,7,0,0.0,14,6,7,2,11.666666666666666,12,0,8.9,1.4,3.51,0.0,0.2857142857142857,2,5.833333333333333
38,0,4,0,0,1,1,1,140.0,139.0,9991,0,0,1,1,0,5,5,11.0,8,0,5,5,11.4,7,0,9.4,-0.8,-3.12,1.0,1.0,10,11.2
19,1,1,1,0,1,1,1,133.1,128.2,171,1,0,1,1,0,12,12,13.333333333333334,12,0,11,10,12.818181818181818,15,0,8.9,1.4,3.51,1.0,0.9090909090909091,22,13.075757575757576
21,0,1,1,0,17,1,1,130.0,122.0,9238,1,0,1,1,0,6,1,10.0,8,0,6,5,11.4,13,0,12.7,3.7,-1.7,0.16666666666666666,0.8333333333333334,6,10.7
18,0,1,1,0,17,2,1,145.0,136.3,9500,1,0,1,0,0,8,7,12.285714285714286,12,0,8,7,12.285714285714286,12,0,12.7,3.7,-1.7,0.875,0.875,14,12.285714285714286
19,0,1,0,0,43,1,1,150.0,140.8,9070,1,0,1,0,0,6,5,12.4,6,0,6,6,12.75,8,0,10.8,1.4,1.74,0.8333333333333334,1.0,11,12.575
22,0,1,0,0,42,1,39,140.0,140.0,9003,1,0,1,0,0,6,6,12.571428571428571,10,0,6,4,13.666666666666666,12,0,15.5,2.8,-4.06,1.0,0.6666666666666666,10,13.119047619047619
22,0,1,1,0,17,1,1,146.0,135.5,171,1,1,1,0,0,17,12,11.833333333333334,19,0,17,11,11.25,22,0,11.1,0.6,2.02,0.7058823529411765,0.6470588235294118,23,11.541666666666668
20,0,1,0,0,43,1,1,120.0,118.3,8014,0,0,1,0,0,6,6,12.166666666666666,6,0,6,5,14.0,7,0,12.7,3.7,-1.7,1.0,0.8333333333333334,11,13.083333333333332
31,0,2,0,0,39,1,19,133.1,130.0,9238,1,0,1,0,0,6,6,13.166666666666666,6,0,6,6,13.0,8,0,9.4,-0.8,-3.12,1.0,1.0,12,13.083333333333332
18,0,1,1,0,1,2,1,143.0,131.8,9670,1,0,1,1,0,6,6,13.571428571428571,8,0,6,5,12.8,6,0,12.4,0.5,1.79,1.0,0.8333333333333334,11,13.185714285714287
21,0,1,0,0,1,1,1,131.0,130.7,9085,1,1,1,0,0,5,2,11.5,9,0,5,4,11.0,13,1,10.8,1.4,1.74,0.4,0.8,6,11.25
19,0,1,1,0,17,3,1,115.0,109.8,9254,1,0,1,0,0,6,4,11.25,8,0,6,4,12.0,8,0,10.8,1.4,1.74,0.6666666666666666,0.6666666666666666,8,11.625
25,0,1,1,0,39,1,1,130.0,120.0,9500,1,0,1,1,0,8,7,13.29,11,3,8,7,13.29,11,3,9.4,-0.8,-3.12,0.875,0.875,14,13.29
33,0,2,0,0,43,1,1,140.0,107.8,9991,0,0,1,0,0,10,8,10.375,15,0,10,9,10.444444444444445,13,0,7.6,2.6,0.32,0.8,0.9,17,10.409722222222221
20,0,1,1,0,43,1,1,149.0,140.2,9556,1,0,1,0,1,7,7,12.333333333333334,9,0,8,8,12.625,8,0,12.7,3.7,-1.7,1.0,1.0,15,12.479166666666668
19,0,1,1,0,1,2,1,125.0,124.0,9147,1,0,1,0,0,5,5,11.2,5,0,5,4,11.75,11,0,10.8,1.4,1.74,1.0,0.8,9,11.475
20,0,1,1,0,1,3,1,128.0,129.8,9070,1,0,1,0,0,6,6,11.833333333333334,6,0,6,3,13.333333333333334,6,0,9.4,-0.8,-3.12,1.0,0.5,9,12.583333333333334
18,0,1,1,0,1,1,1,145.0,138.4,9085,1,0,0,0,0,6,6,14.833333333333334,7,0,6,6,12.5,8,0,8.9,1.4,3.51,1.0,1.0,12,13.666666666666668
19,0,1,1,0,1,1,1,147.0,133.7,9085,1,0,1,1,0,5,2,13.5,10,0,5,5,11.4,11,1,10.8,1.4,1.74,0.4,1.0,7,12.45
24,0,1,1,0,43,1,1,121.0,115.4,9500,1,0,1,1,0,8,7,11.971428571428572,8,0,8,7,11.971428571428572,8,0,12.7,3.7,-1.7,0.875,0.875,14,11.971428571428572
19,0,1,0,0,1,3,1,134.0,129.1,9085,1,0,1,0,0,5,3,12.0,7,0,5,4,13.5,7,0,7.6,2.6,0.32,0.6,0.8,7,12.75
21,0,1,1,0,44,1,39,140.0,140.0,9085,1,0,1,0,0,12,8,12.25,18,0,12,8,12.2,27,0,12.4,0.5,1.79,0.6666666666666666,0.6666666666666666,16,12.225
18,0,1,0,0,1,1,1,118.0,114.2,9254,1,0,1,0,0,6,5,12.2,10,0,6,5,11.6,10,0,16.2,0.3,-0.92,0.8333333333333334,0.8333333333333334,10,11.899999999999999
24,0,1,0,0,39,1,1,130.0,113.3,9556,1,0,1,0,0,7,5,12.4,15,0,8,7,12.15,14,0,12.4,0.5,1.79,0.7142857142857143,0.875,12,12.275
22,0,1,1,0,43,1,1,128.0,123.5,9556,1,0,1,0,0,7,6,10.744444444444444,14,1,8,8,11.8375,10,0,12.7,3.7,-1.7,0.8571428571428571,1.0,14,11.290972222222223
44,0,4,0,0,39,1,1,140.0,154.6,9085,1,0,0,1,0,6,4,12.75,12,0,6,2,10.0,15,0,8.9,1.4,3.51,0.6666666666666666,0.3333333333333333,6,11.375
20,0,1,1,0,1,1,1,117.0,120.2,9147,1,0,1,0,0,5,2,10.0,9,0,5,2,11.0,10,0,7.6,2.6,0.32,0.4,0.4,4,10.5
19,0,1,1,0,1,1,1,135.0,143.8,171,1,1,1,0,0,0,0,0.0,0,0,0,0,0.0,0,0,12.7,3.7,-1.7,0.0,0.0,0,0.0
18,0,1,1,0,1,3,1,131.0,118.0,9500,1,0,1,1,0,8,7,13.242857142857144,8,0,8,7,13.242857142857144,8,0,12.7,3.7,-1.7,0.875,0.875,14,13.242857142857144
18,0,1,1,1,17,2,1,118.0,110.3,9254,1,0,0,0,0,6,5,12.6,7,0,6,5,11.8,6,0,11.1,0.6,2.02,0.8333333333333334,0.8333333333333334,10,12.2
21,0,1,0,0,18,1,1,133.1,145.0,9991,0,0,1,1,0,5,4,12.25,6,0,5,4,11.8,8,0,10.8,1.4,1.74,0.8,0.8,8,12.025
20,0,1,1,0,18,5,1,110.0,110.0,9853,1,0,1,0,0,6,4,12.75,10,0,6,3,11.333333333333334,14,0,10.8,1.4,1.74,0.6666666666666666,0.5,7,12.041666666666668
18,0,1,1,0,1,1,1,135.0,121.7,9238,1,0,1,1,0,6,0,0.0,14,0,6,4,11.0,9,0,7.6,2.6,0.32,0.0,0.6666666666666666,4,5.5
18,0,1,1,0,43,2,1,131.0,123.7,9147,1,0,1,0,0,5,1,14.0,10,0,5,1,14.0,10,0,7.6,2.6,0.32,0.2,0.2,2,14.0
27,0,1,1,0,39,1,1,133.1,148.2,9085,1,1,1,0,0,6,6,12.125,11,0,6,5,12.0,16,0,12.4,0.5,1.79,1.0,0.8333333333333334,11,12.0625
18,0,1,1,0,17,1,1,127.0,121.8,9853,1,1,1,0,0,6,4,13.5,12,0,6,3,10.666666666666666,14,0,10.8,1.4,1.74,0.6666666666666666,0.5,7,12.083333333333332
20,0,1,1,0,1,1,1,131.0,118.4,9991,0,0,1,0,0,5,0,0.0,10,0,5,0,0.0,10,3,7.6,2.6,0.32,0.0,0.0,0,0.0
19,0,1,1,0,17,2,1,138.0,123.3,9085,1,0,1,0,0,5,3,14.0,15,3,5,4,11.75,10,1,9.4,-0.8,-3.12,0.6,0.8,7,12.875
20,0,1,1,0,44,1,39,140.0,140.0,9085,1,0,1,0,0,6,6,12.666666666666666,9,0,6,4,11.5,10,0,13.9,-0.3,0.79,1.0,0.6666666666666666,10,12.083333333333332
22,0,1,1,0,17,2,1,150.0,132.5,9853,1,0,1,0,0,6,4,12.25,9,0,6,5,11.6,8,0,10.8,1.4,1.74,0.6666666666666666,0.8333333333333334,9,11.925
22,0,1,1,0,5,1,1,119.0,118.3,9853,1,0,1,0,0,6,3,15.0,11,0,6,4,10.25,11,0,9.4,-0.8,-3.12,0.5,0.6666666666666666,7,12.625
20,0,1,1,0,17,1,1,125.0,143.9,171,1,0,1,0,0,0,0,0.0,0,0,0,0,0.0,0,0,15.5,2.8,-4.06,0.0,0.0,0,0.0
18,0,1,0,0,17,3,1,135.0,135.0,9773,1,0,1,0,0,6,6,13.5,6,0,6,6,13.333333333333334,6,0,12.4,0.5,1.79,1.0,1.0,12,13.416666666666668
45,0,2,0,0,39,1,1,133.1,134.5,8014,0,0,1,0,0,6,5,13.6,8,0,6,5,13.0,7,0,15.5,2.8,-4.06,0.8333333333333334,0.8333333333333334,10,13.3
25,0,1,0,0,39,1,1,140.0,130.0,9991,0,1,1,0,0,5,4,11.25,10,0,5,4,12.0,9,0,12.7,3.7,-1.7,0.8,0.8,8,11.625
20,1,1,1,0,1,2,1,113.0,107.4,9147,1,0,1,0,0,5,3,10.5,12,0,5,4,11.25,10,0,12.4,0.5,1.79,0.6,0.8,7,10.875
22,1,1,1,0,1,3,1,133.1,100.0,9238,1,0,1,0,0,6,4,11.25,6,0,6,3,11.0,7,0,8.9,1.4,3.51,0.6666666666666666,0.5,7,11.125
20,1,1,1,0,1,4,1,127.0,121.5,9500,1,0,1,0,0,7,6,13.016666666666666,7,0,7,6,13.016666666666666,7,0,7.6,2.6,0.32,0.8571428571428571,0.8571428571428571,12,13.016666666666666
18,0,1,1,0,1,1,1,132.0,136.6,9070,1,0,1,0,0,6,6,11.714285714285714,10,1,6,6,10.375,15,0,13.9,-0.3,0.79,1.0,1.0,12,11.044642857142858
21,0,1,0,0,17,5,1,115.0,117.1,9670,1,0,1,0,0,5,3,12.666666666666666,7,0,5,4,12.75,6,1,7.6,2.6,0.32,0.6,0.8,7,12.708333333333332
21,1,1,0,0,44,1,39,140.0,140.0,171,1,0,1,0,0,0,0,0.0,0,0,0,0,0.0,0,0,15.5,2.8,-4.06,0.0,0.0,0,0.0
18,1,1,1,0,17,2,1,142.0,141.0,9070,1,0,1,0,0,6,6,13.0,6,0,6,1,10.0,8,0,10.8,1.4,1.74,1.0,0.16666666666666666,7,11.5
18,1,1,0,0,17,2,1,123.0,118.9,9085,1,0,1,0,0,5,3,14.0,5,0,5,3,12.666666666666666,7,0,7.6,2.6,0.32,0.6,0.6,6,13.333333333333332
25,1,1,1,0,1,1,1,131.0,134.5,9254,1,0,1,0,0,6,6,13.166666666666666,8,0,6,5,12.6,8,0,7.6,2.6,0.32,1.0,0.8333333333333334,11,12.883333333333333
18,1,1,1,0,17,1,1,141.0,133.0,9119,1,0,1,0,0,5,4,13.0,10,0,5,3,12.333333333333334,10,3,7.6,2.6,0.32,0.8,0.6,7,12.666666666666668
21,1,1,1,0,1,1,1,133.1,105.0,9085,1,0,1,0,0,6,3,11.25,15,0,6,0,0.0,9,0,12.4,0.5,1.79,0.5,0.0,3,5.625
24,1,1,0,0,39,2,1,130.0,110.0,9556,1,0,1,1,0,7,6,10.857142857142858,13,0,7,7,11.857142857142858,7,0,12.7,3.7,-1.7,0.8571428571428571,1.0,13,11.357142857142858
22,1,1,0,0,1,5,1,134.0,134.7,9147,1,0,1,0,0,5,4,11.75,10,0,5,3,11.0,10,0,7.6,2.6,0.32,0.8,0.6,7,11.375
28,1,1,1,0,39,1,1,130.0,120.0,9003,1,0,1,0,0,13,8,11.625,19,0,10,6,11.0,17,0,15.5,2.8,-4.06,0.6153846153846154,0.6,14,11.3125
18,1,1,1,0,1,6,1,135.0,123.5,9119,1,0,1,0,0,5,0,0.0,10,0,5,1,10.0,10,3,7.6,2.6,0.32,0.0,0.2,1,5.0
21,1,1,0,1,15,1,1,135.0,135.0,9147,1,1,1,0,0,5,3,12.333333333333334,9,0,5,4,11.25,8,0,8.9,1.4,3.51,0.6,0.8,7,11.791666666666668
28,0,4,0,0,39,1,1,147.0,147.9,9991,0,0,1,0,0,5,4,11.5,8,0,5,4,12.0,7,0,10.8,1.4,1.74,0.8,0.8,8,11.75
21,0,1,1,0,1,1,1,123.0,118.8,9147,1,0,1,0,0,5,3,10.666666666666666,9,0,5,2,12.5,13,0,7.6,2.6,0.32,0.6,0.4,5,11.583333333333332
20,0,1,1,0,1,2,1,129.0,117.1,9773,1,0,1,0,0,6,1,17.0,12,0,6,1,17.0,12,0,9.4,-0.8,-3.12,0.16666666666666666,0.16666666666666666,2,17.0
18,0,1,0,0,1,1,1,131.0,127.2,9670,1,0,1,1,0,5,3,12.666666666666666,7,0,5,4,12.5,5,0,9.4,-0.8,-3.12,0.6,0.8,7,12.583333333333332
18,0,1,1,0,17,2,1,140.0,128.5,9500,1,0,1,0,0,7,5,14.06,9,0,7,6,12.571428571428571,9,0,12.4,0.5,1.79,0.7142857142857143,0.8571428571428571,11,13.315714285714286
30,0,4,0,0,39,1,1,150.0,146.2,9991,0,0,1,0,0,5,3,10.333333333333334,11,0,5,4,12.8,10,0,12.4,0.5,1.79,0.6,0.8,7,11.566666666666666
18,0,1,1,0,17,1,1,132.0,123.6,9238,1,0,1,0,0,6,4,11.5,9,0,6,4,10.75,10,0,7.6,2.6,0.32,0.6666666666666666,0.6666666666666666,8,11.125
18,1,1,1,0,1,1,1,136.0,120.0,9500,1,0,1,0,0,7,6,11.833333333333334,8,0,7,6,11.833333333333334,8,0,7.6,2.6,0.32,0.8571428571428571,0.8571428571428571,12,11.833333333333334
19,0,1,0,0,1,1,1,124.0,121.2,9238,1,0,1,0,0,6,2,13.0,12,0,6,6,10.833333333333334,9,0,7.6,2.6,0.32,0.3333333333333333,1.0,8,11.916666666666668
20,0,1,0,0,1,2,1,145.0,121.4,9238,1,0,1,0,0,6,0,0.0,13,0,5,0,0.0,11,0,9.4,-0.8,-3.12,0.0,0.0,0,0.0
32,0,2,0,0,7,1,3,130.0,130.0,9500,1,0,1,0,0,7,7,13.761111111111113,9,0,8,7,12.06375,11,0,15.5,2.8,-4.06,1.0,0.875,14,12.912430555555556
18,0,1,0,0,1,1,1,151.0,138.4,9147,1,0,1,0,0,5,4,11.25,6,0,5,5,11.0,8,0,10.8,1.4,1.74,0.8,1.0,9,11.125
21,0,1,1,0,5,4,1,116.0,110.4,9853,1,0,1,0,0,6,5,12.6,9,0,6,3,11.666666666666666,9,0,9.4,-0.8,-3.12,0.8333333333333334,0.5,8,12.133333333333333
18,1,1,1,0,18,2,1,168.0,126.8,9853,1,0,1,0,0,6,5,12.6,7,0,6,6,13.0,6,0,10.8,1.4,1.74,0.8333333333333334,1.0,11,12.8
20,1,1,1,0,1,1,1,145.0,127.5,9070,1,0,1,0,0,6,4,12.0,6,0,6,2,11.333333333333334,8,0,10.8,1.4,1.74,0.6666666666666666,0.3333333333333333,6,11.666666666666668
19,1,1,1,0,43,1,1,125.0,133.4,9070,1,0,1,1,0,6,4,13.0,6,0,6,5,12.2,7,0,13.9,-0.3,0.79,0.6666666666666666,0.8333333333333334,9,12.6
25,1,1,1,0,43,1,1,143.0,121.2,33,1,0,1,0,0,10,5,11.6,13,0,8,2,13.0,10,0,12.4,0.5,1.79,0.5,0.25,7,12.3
